url,comment_text,comment_text_remove_emojis
https://www.facebook.com/toiladanthuductphcm/posts/pfbid02YFonsfkGggmYiv1f8C7rccSwB8p7n8T72UfX4vfbGAb4CBmAeQAPAE2LmfbMdk28l?__cft__[0]=AZVc624gyhIaJ7MmRXPLunmNgq2fiA4zULHWWMuQ6PT-aNhge5yVZnzVJRlbTza6ksRioUob_nbPcgvv6uLeJziqyG91Ax1rMh8_ateJPtVJl0pofPNO9ETcqyrnIGGi6ySjyCGTheWFBXAm9GLz8qL6FUn8dvk58Dp-lsfMHki-hg&__tn__=%2CO%2CP-R,L·ªëc s·ªë n√≥ c√≥ 13 t·ªù m√† √¥ng n√†y tr√∫ng 14 t·ªù lu√¥n √†,L·ªëc s·ªë n√≥ c√≥ 13 t·ªù m√† √¥ng n√†y tr√∫ng 14 t·ªù lu√¥n √†
https://www.facebook.com/toiladanthuductphcm/posts/pfbid02YFonsfkGggmYiv1f8C7rccSwB8p7n8T72UfX4vfbGAb4CBmAeQAPAE2LmfbMdk28l?__cft__[0]=AZVc624gyhIaJ7MmRXPLunmNgq2fiA4zULHWWMuQ6PT-aNhge5yVZnzVJRlbTza6ksRioUob_nbPcgvv6uLeJziqyG91Ax1rMh8_ateJPtVJl0pofPNO9ETcqyrnIGGi6ySjyCGTheWFBXAm9GLz8qL6FUn8dvk58Dp-lsfMHki-hg&__tn__=%2CO%2CP-R,"Ng ta ƒÉn ·ªü c√≥ ƒë·ª©c m·ªõi ƒëc tr√∫ng, m·∫•y cha th·∫•t ƒë·ª©c ch·∫øt m·ªãa, ai m√† th√®m ƒë·ªô ü´µ ü´µ ü´µ","Ng ta ƒÉn ·ªü c√≥ ƒë·ª©c m·ªõi ƒëc tr√∫ng, m·∫•y cha th·∫•t ƒë·ª©c ch·∫øt m·ªãa, ai m√† th√®m ƒë·ªô   "
https://www.facebook.com/toiladanthuductphcm/posts/pfbid02YFonsfkGggmYiv1f8C7rccSwB8p7n8T72UfX4vfbGAb4CBmAeQAPAE2LmfbMdk28l?__cft__[0]=AZVc624gyhIaJ7MmRXPLunmNgq2fiA4zULHWWMuQ6PT-aNhge5yVZnzVJRlbTza6ksRioUob_nbPcgvv6uLeJziqyG91Ax1rMh8_ateJPtVJl0pofPNO9ETcqyrnIGGi6ySjyCGTheWFBXAm9GLz8qL6FUn8dvk58Dp-lsfMHki-hg&__tn__=%2CO%2CP-R,Sao gi·ªëng ng∆∞·ªùi a h·ªç th·∫•t l·∫°c c·ªßa m√¨nh qu√° üòÇ üò≠,Sao gi·ªëng ng∆∞·ªùi a h·ªç th·∫•t l·∫°c c·ªßa m√¨nh qu√°  
https://www.facebook.com/toiladanthuductphcm/posts/pfbid02YFonsfkGggmYiv1f8C7rccSwB8p7n8T72UfX4vfbGAb4CBmAeQAPAE2LmfbMdk28l?__cft__[0]=AZVc624gyhIaJ7MmRXPLunmNgq2fiA4zULHWWMuQ6PT-aNhge5yVZnzVJRlbTza6ksRioUob_nbPcgvv6uLeJziqyG91Ax1rMh8_ateJPtVJl0pofPNO9ETcqyrnIGGi6ySjyCGTheWFBXAm9GLz8qL6FUn8dvk58Dp-lsfMHki-hg&__tn__=%2CO%2CP-R,"Tr√∫ng gi√≥ √† 
 con ch√°u c·ªßa n√≥ c·∫£ th√¥i üòÇ","Tr√∫ng gi√≥ √† 
 con ch√°u c·ªßa n√≥ c·∫£ th√¥i "
https://www.facebook.com/toiladanthuductphcm/posts/pfbid02YFonsfkGggmYiv1f8C7rccSwB8p7n8T72UfX4vfbGAb4CBmAeQAPAE2LmfbMdk28l?__cft__[0]=AZVc624gyhIaJ7MmRXPLunmNgq2fiA4zULHWWMuQ6PT-aNhge5yVZnzVJRlbTza6ksRioUob_nbPcgvv6uLeJziqyG91Ax1rMh8_ateJPtVJl0pofPNO9ETcqyrnIGGi6ySjyCGTheWFBXAm9GLz8qL6FUn8dvk58Dp-lsfMHki-hg&__tn__=%2CO%2CP-R,Anh c√≤n nh·ªõ ·ªï b√°nh m√¨ m√¨nh t·ª´ng chia ƒë√¥i kh,Anh c√≤n nh·ªõ ·ªï b√°nh m√¨ m√¨nh t·ª´ng chia ƒë√¥i kh
https://www.facebook.com/toiladanthuductphcm/posts/pfbid02YFonsfkGggmYiv1f8C7rccSwB8p7n8T72UfX4vfbGAb4CBmAeQAPAE2LmfbMdk28l?__cft__[0]=AZVc624gyhIaJ7MmRXPLunmNgq2fiA4zULHWWMuQ6PT-aNhge5yVZnzVJRlbTza6ksRioUob_nbPcgvv6uLeJziqyG91Ax1rMh8_ateJPtVJl0pofPNO9ETcqyrnIGGi6ySjyCGTheWFBXAm9GLz8qL6FUn8dvk58Dp-lsfMHki-hg&__tn__=%2CO%2CP-R,Xin Chuc mung üôè üëè,Xin Chuc mung  
https://www.facebook.com/toiladanthuductphcm/posts/pfbid02YFonsfkGggmYiv1f8C7rccSwB8p7n8T72UfX4vfbGAb4CBmAeQAPAE2LmfbMdk28l?__cft__[0]=AZVc624gyhIaJ7MmRXPLunmNgq2fiA4zULHWWMuQ6PT-aNhge5yVZnzVJRlbTza6ksRioUob_nbPcgvv6uLeJziqyG91Ax1rMh8_ateJPtVJl0pofPNO9ETcqyrnIGGi6ySjyCGTheWFBXAm9GLz8qL6FUn8dvk58Dp-lsfMHki-hg&__tn__=%2CO%2CP-R,Xin v√≠a xin v√≠a üòÇ,Xin v√≠a xin v√≠a 
https://www.facebook.com/toiladanthuductphcm/posts/pfbid02YFonsfkGggmYiv1f8C7rccSwB8p7n8T72UfX4vfbGAb4CBmAeQAPAE2LmfbMdk28l?__cft__[0]=AZVc624gyhIaJ7MmRXPLunmNgq2fiA4zULHWWMuQ6PT-aNhge5yVZnzVJRlbTza6ksRioUob_nbPcgvv6uLeJziqyG91Ax1rMh8_ateJPtVJl0pofPNO9ETcqyrnIGGi6ySjyCGTheWFBXAm9GLz8qL6FUn8dvk58Dp-lsfMHki-hg&__tn__=%2CO%2CP-R,Xin v√≠a may m·∫Øn m·∫Øn,Xin v√≠a may m·∫Øn m·∫Øn
https://www.facebook.com/toiladanthuductphcm/posts/pfbid02YFonsfkGggmYiv1f8C7rccSwB8p7n8T72UfX4vfbGAb4CBmAeQAPAE2LmfbMdk28l?__cft__[0]=AZVc624gyhIaJ7MmRXPLunmNgq2fiA4zULHWWMuQ6PT-aNhge5yVZnzVJRlbTza6ksRioUob_nbPcgvv6uLeJziqyG91Ax1rMh8_ateJPtVJl0pofPNO9ETcqyrnIGGi6ySjyCGTheWFBXAm9GLz8qL6FUn8dvk58Dp-lsfMHki-hg&__tn__=%2CO%2CP-R,Th√†nh T√¢m xin v√≠a may m·∫Øn,Th√†nh T√¢m xin v√≠a may m·∫Øn
https://www.facebook.com/toiladanthuductphcm/posts/pfbid02YFonsfkGggmYiv1f8C7rccSwB8p7n8T72UfX4vfbGAb4CBmAeQAPAE2LmfbMdk28l?__cft__[0]=AZVc624gyhIaJ7MmRXPLunmNgq2fiA4zULHWWMuQ6PT-aNhge5yVZnzVJRlbTza6ksRioUob_nbPcgvv6uLeJziqyG91Ax1rMh8_ateJPtVJl0pofPNO9ETcqyrnIGGi6ySjyCGTheWFBXAm9GLz8qL6FUn8dvk58Dp-lsfMHki-hg&__tn__=%2CO%2CP-R,Xin v√≠a ·∫°,Xin v√≠a ·∫°
https://www.facebook.com/toiladanthuductphcm/posts/pfbid02YFonsfkGggmYiv1f8C7rccSwB8p7n8T72UfX4vfbGAb4CBmAeQAPAE2LmfbMdk28l?__cft__[0]=AZVc624gyhIaJ7MmRXPLunmNgq2fiA4zULHWWMuQ6PT-aNhge5yVZnzVJRlbTza6ksRioUob_nbPcgvv6uLeJziqyG91Ax1rMh8_ateJPtVJl0pofPNO9ETcqyrnIGGi6ySjyCGTheWFBXAm9GLz8qL6FUn8dvk58Dp-lsfMHki-hg&__tn__=%2CO%2CP-R,V√© s·ªë ƒëang ·∫ø,V√© s·ªë ƒëang ·∫ø
https://www.facebook.com/toiladanthuductphcm/posts/pfbid02YFonsfkGggmYiv1f8C7rccSwB8p7n8T72UfX4vfbGAb4CBmAeQAPAE2LmfbMdk28l?__cft__[0]=AZVc624gyhIaJ7MmRXPLunmNgq2fiA4zULHWWMuQ6PT-aNhge5yVZnzVJRlbTza6ksRioUob_nbPcgvv6uLeJziqyG91Ax1rMh8_ateJPtVJl0pofPNO9ETcqyrnIGGi6ySjyCGTheWFBXAm9GLz8qL6FUn8dvk58Dp-lsfMHki-hg&__tn__=%2CO%2CP-R,D·∫° cho xin c√°i v√≠a nh·∫π nh·∫π 1to dac bi·ªát ·∫°,D·∫° cho xin c√°i v√≠a nh·∫π nh·∫π 1to dac bi·ªát ·∫°
https://www.facebook.com/toiladanthuductphcm/posts/pfbid02YFonsfkGggmYiv1f8C7rccSwB8p7n8T72UfX4vfbGAb4CBmAeQAPAE2LmfbMdk28l?__cft__[0]=AZVc624gyhIaJ7MmRXPLunmNgq2fiA4zULHWWMuQ6PT-aNhge5yVZnzVJRlbTza6ksRioUob_nbPcgvv6uLeJziqyG91Ax1rMh8_ateJPtVJl0pofPNO9ETcqyrnIGGi6ySjyCGTheWFBXAm9GLz8qL6FUn8dvk58Dp-lsfMHki-hg&__tn__=%2CO%2CP-R,Xin v√≠a may m·∫Øn,Xin v√≠a may m·∫Øn
https://www.facebook.com/toiladanthuductphcm/posts/pfbid02YFonsfkGggmYiv1f8C7rccSwB8p7n8T72UfX4vfbGAb4CBmAeQAPAE2LmfbMdk28l?__cft__[0]=AZVc624gyhIaJ7MmRXPLunmNgq2fiA4zULHWWMuQ6PT-aNhge5yVZnzVJRlbTza6ksRioUob_nbPcgvv6uLeJziqyG91Ax1rMh8_ateJPtVJl0pofPNO9ETcqyrnIGGi6ySjyCGTheWFBXAm9GLz8qL6FUn8dvk58Dp-lsfMHki-hg&__tn__=%2CO%2CP-R,Em xin v√≠a ·∫°.,Em xin v√≠a ·∫°.
https://www.facebook.com/toiladanthuductphcm/posts/pfbid02YFonsfkGggmYiv1f8C7rccSwB8p7n8T72UfX4vfbGAb4CBmAeQAPAE2LmfbMdk28l?__cft__[0]=AZVc624gyhIaJ7MmRXPLunmNgq2fiA4zULHWWMuQ6PT-aNhge5yVZnzVJRlbTza6ksRioUob_nbPcgvv6uLeJziqyG91Ax1rMh8_ateJPtVJl0pofPNO9ETcqyrnIGGi6ySjyCGTheWFBXAm9GLz8qL6FUn8dvk58Dp-lsfMHki-hg&__tn__=%2CO%2CP-R,Xin l·ªôc 1 t·ªù an ·ªßi c≈©ng ·∫°,Xin l·ªôc 1 t·ªù an ·ªßi c≈©ng ·∫°
https://www.facebook.com/toiladanthuductphcm/posts/pfbid02YFonsfkGggmYiv1f8C7rccSwB8p7n8T72UfX4vfbGAb4CBmAeQAPAE2LmfbMdk28l?__cft__[0]=AZVc624gyhIaJ7MmRXPLunmNgq2fiA4zULHWWMuQ6PT-aNhge5yVZnzVJRlbTza6ksRioUob_nbPcgvv6uLeJziqyG91Ax1rMh8_ateJPtVJl0pofPNO9ETcqyrnIGGi6ySjyCGTheWFBXAm9GLz8qL6FUn8dvk58Dp-lsfMHki-hg&__tn__=%2CO%2CP-R,Xin v√≠a tr√∫ng ƒë·ªôc ƒë·∫Øc,Xin v√≠a tr√∫ng ƒë·ªôc ƒë·∫Øc
https://www.facebook.com/toiladanthuductphcm/posts/pfbid02YFonsfkGggmYiv1f8C7rccSwB8p7n8T72UfX4vfbGAb4CBmAeQAPAE2LmfbMdk28l?__cft__[0]=AZVc624gyhIaJ7MmRXPLunmNgq2fiA4zULHWWMuQ6PT-aNhge5yVZnzVJRlbTza6ksRioUob_nbPcgvv6uLeJziqyG91Ax1rMh8_ateJPtVJl0pofPNO9ETcqyrnIGGi6ySjyCGTheWFBXAm9GLz8qL6FUn8dvk58Dp-lsfMHki-hg&__tn__=%2CO%2CP-R,Xin v√≠a tr√∫ng gi·∫£i ƒë·∫∑c bi·ªát,Xin v√≠a tr√∫ng gi·∫£i ƒë·∫∑c bi·ªát
https://www.facebook.com/toiladanthuductphcm/posts/pfbid02YFonsfkGggmYiv1f8C7rccSwB8p7n8T72UfX4vfbGAb4CBmAeQAPAE2LmfbMdk28l?__cft__[0]=AZVc624gyhIaJ7MmRXPLunmNgq2fiA4zULHWWMuQ6PT-aNhge5yVZnzVJRlbTza6ksRioUob_nbPcgvv6uLeJziqyG91Ax1rMh8_ateJPtVJl0pofPNO9ETcqyrnIGGi6ySjyCGTheWFBXAm9GLz8qL6FUn8dvk58Dp-lsfMHki-hg&__tn__=%2CO%2CP-R,Xin v√≠a tr√∫ng ƒë·∫∑c bi·ªát a di ƒë√† ph·∫≠t,Xin v√≠a tr√∫ng ƒë·∫∑c bi·ªát a di ƒë√† ph·∫≠t
https://www.facebook.com/toiladanthuductphcm/posts/pfbid02YFonsfkGggmYiv1f8C7rccSwB8p7n8T72UfX4vfbGAb4CBmAeQAPAE2LmfbMdk28l?__cft__[0]=AZVc624gyhIaJ7MmRXPLunmNgq2fiA4zULHWWMuQ6PT-aNhge5yVZnzVJRlbTza6ksRioUob_nbPcgvv6uLeJziqyG91Ax1rMh8_ateJPtVJl0pofPNO9ETcqyrnIGGi6ySjyCGTheWFBXAm9GLz8qL6FUn8dvk58Dp-lsfMHki-hg&__tn__=%2CO%2CP-R,Xin via may m·∫Øn anh oi,Xin via may m·∫Øn anh oi
https://www.facebook.com/toiladanthuductphcm/posts/pfbid02YFonsfkGggmYiv1f8C7rccSwB8p7n8T72UfX4vfbGAb4CBmAeQAPAE2LmfbMdk28l?__cft__[0]=AZVc624gyhIaJ7MmRXPLunmNgq2fiA4zULHWWMuQ6PT-aNhge5yVZnzVJRlbTza6ksRioUob_nbPcgvv6uLeJziqyG91Ax1rMh8_ateJPtVJl0pofPNO9ETcqyrnIGGi6ySjyCGTheWFBXAm9GLz8qL6FUn8dvk58Dp-lsfMHki-hg&__tn__=%2CO%2CP-R,Xin v√≠a xin v√≠a xin v√≠a ƒÖ,Xin v√≠a xin v√≠a xin v√≠a ƒÖ
https://www.facebook.com/toiladanthuductphcm/posts/pfbid02YFonsfkGggmYiv1f8C7rccSwB8p7n8T72UfX4vfbGAb4CBmAeQAPAE2LmfbMdk28l?__cft__[0]=AZVc624gyhIaJ7MmRXPLunmNgq2fiA4zULHWWMuQ6PT-aNhge5yVZnzVJRlbTza6ksRioUob_nbPcgvv6uLeJziqyG91Ax1rMh8_ateJPtVJl0pofPNO9ETcqyrnIGGi6ySjyCGTheWFBXAm9GLz8qL6FUn8dvk58Dp-lsfMHki-hg&__tn__=%2CO%2CP-R,Nh√¨n quen gh√™ h∆°m,Nh√¨n quen gh√™ h∆°m
https://www.facebook.com/toiladanthuductphcm/posts/pfbid02YFonsfkGggmYiv1f8C7rccSwB8p7n8T72UfX4vfbGAb4CBmAeQAPAE2LmfbMdk28l?__cft__[0]=AZVc624gyhIaJ7MmRXPLunmNgq2fiA4zULHWWMuQ6PT-aNhge5yVZnzVJRlbTza6ksRioUob_nbPcgvv6uLeJziqyG91Ax1rMh8_ateJPtVJl0pofPNO9ETcqyrnIGGi6ySjyCGTheWFBXAm9GLz8qL6FUn8dvk58Dp-lsfMHki-hg&__tn__=%2CO%2CP-R,C·∫ßu sin v√≠a,C·∫ßu sin v√≠a
https://www.facebook.com/toiladanthuductphcm/posts/pfbid02YFonsfkGggmYiv1f8C7rccSwB8p7n8T72UfX4vfbGAb4CBmAeQAPAE2LmfbMdk28l?__cft__[0]=AZVc624gyhIaJ7MmRXPLunmNgq2fiA4zULHWWMuQ6PT-aNhge5yVZnzVJRlbTza6ksRioUob_nbPcgvv6uLeJziqyG91Ax1rMh8_ateJPtVJl0pofPNO9ETcqyrnIGGi6ySjyCGTheWFBXAm9GLz8qL6FUn8dvk58Dp-lsfMHki-hg&__tn__=%2CO%2CP-R,Xin v√≠a,Xin v√≠a
https://www.facebook.com/toiladanthuductphcm/posts/pfbid02YFonsfkGggmYiv1f8C7rccSwB8p7n8T72UfX4vfbGAb4CBmAeQAPAE2LmfbMdk28l?__cft__[0]=AZVc624gyhIaJ7MmRXPLunmNgq2fiA4zULHWWMuQ6PT-aNhge5yVZnzVJRlbTza6ksRioUob_nbPcgvv6uLeJziqyG91Ax1rMh8_ateJPtVJl0pofPNO9ETcqyrnIGGi6ySjyCGTheWFBXAm9GLz8qL6FUn8dvk58Dp-lsfMHki-hg&__tn__=%2CO%2CP-R,Xin v√≠a may m·∫Øn t√†i l·ªôc,Xin v√≠a may m·∫Øn t√†i l·ªôc
https://www.facebook.com/toiladanthuductphcm/posts/pfbid02YFonsfkGggmYiv1f8C7rccSwB8p7n8T72UfX4vfbGAb4CBmAeQAPAE2LmfbMdk28l?__cft__[0]=AZVc624gyhIaJ7MmRXPLunmNgq2fiA4zULHWWMuQ6PT-aNhge5yVZnzVJRlbTza6ksRioUob_nbPcgvv6uLeJziqyG91Ax1rMh8_ateJPtVJl0pofPNO9ETcqyrnIGGi6ySjyCGTheWFBXAm9GLz8qL6FUn8dvk58Dp-lsfMHki-hg&__tn__=%2CO%2CP-R,Xin v√≠a üòç üòç,Xin v√≠a  
https://www.facebook.com/toiladanthuductphcm/posts/pfbid02YFonsfkGggmYiv1f8C7rccSwB8p7n8T72UfX4vfbGAb4CBmAeQAPAE2LmfbMdk28l?__cft__[0]=AZVc624gyhIaJ7MmRXPLunmNgq2fiA4zULHWWMuQ6PT-aNhge5yVZnzVJRlbTza6ksRioUob_nbPcgvv6uLeJziqyG91Ax1rMh8_ateJPtVJl0pofPNO9ETcqyrnIGGi6ySjyCGTheWFBXAm9GLz8qL6FUn8dvk58Dp-lsfMHki-hg&__tn__=%2CO%2CP-R,"Ng∆∞·ªùi a th·∫•t l·∫°c c·ªßa t√¥i,","Ng∆∞·ªùi a th·∫•t l·∫°c c·ªßa t√¥i,"
https://www.facebook.com/toiladanthuductphcm/posts/pfbid02YFonsfkGggmYiv1f8C7rccSwB8p7n8T72UfX4vfbGAb4CBmAeQAPAE2LmfbMdk28l?__cft__[0]=AZVc624gyhIaJ7MmRXPLunmNgq2fiA4zULHWWMuQ6PT-aNhge5yVZnzVJRlbTza6ksRioUob_nbPcgvv6uLeJziqyG91Ax1rMh8_ateJPtVJl0pofPNO9ETcqyrnIGGi6ySjyCGTheWFBXAm9GLz8qL6FUn8dvk58Dp-lsfMHki-hg&__tn__=%2CO%2CP-R,"Xin v√≠a, xin v√≠a üòÇ","Xin v√≠a, xin v√≠a "
https://www.facebook.com/toiladanthuductphcm/posts/pfbid02YFonsfkGggmYiv1f8C7rccSwB8p7n8T72UfX4vfbGAb4CBmAeQAPAE2LmfbMdk28l?__cft__[0]=AZVc624gyhIaJ7MmRXPLunmNgq2fiA4zULHWWMuQ6PT-aNhge5yVZnzVJRlbTza6ksRioUob_nbPcgvv6uLeJziqyG91Ax1rMh8_ateJPtVJl0pofPNO9ETcqyrnIGGi6ySjyCGTheWFBXAm9GLz8qL6FUn8dvk58Dp-lsfMHki-hg&__tn__=%2CO%2CP-R,1 th√°ng 6 vs l√™n 14 to r·ªìi nha,1 th√°ng 6 vs l√™n 14 to r·ªìi nha
https://www.facebook.com/toiladanthuductphcm/posts/pfbid02YFonsfkGggmYiv1f8C7rccSwB8p7n8T72UfX4vfbGAb4CBmAeQAPAE2LmfbMdk28l?__cft__[0]=AZVc624gyhIaJ7MmRXPLunmNgq2fiA4zULHWWMuQ6PT-aNhge5yVZnzVJRlbTza6ksRioUob_nbPcgvv6uLeJziqyG91Ax1rMh8_ateJPtVJl0pofPNO9ETcqyrnIGGi6ySjyCGTheWFBXAm9GLz8qL6FUn8dvk58Dp-lsfMHki-hg&__tn__=%2CO%2CP-R,Cho xin v√≠a,Cho xin v√≠a
https://www.facebook.com/toiladanthuductphcm/posts/pfbid02YFonsfkGggmYiv1f8C7rccSwB8p7n8T72UfX4vfbGAb4CBmAeQAPAE2LmfbMdk28l?__cft__[0]=AZVc624gyhIaJ7MmRXPLunmNgq2fiA4zULHWWMuQ6PT-aNhge5yVZnzVJRlbTza6ksRioUob_nbPcgvv6uLeJziqyG91Ax1rMh8_ateJPtVJl0pofPNO9ETcqyrnIGGi6ySjyCGTheWFBXAm9GLz8qL6FUn8dvk58Dp-lsfMHki-hg&__tn__=%2CO%2CP-R,Xin v√≠a üòç üòç üòç,Xin v√≠a   
https://www.facebook.com/toiladanthuductphcm/posts/pfbid02YFonsfkGggmYiv1f8C7rccSwB8p7n8T72UfX4vfbGAb4CBmAeQAPAE2LmfbMdk28l?__cft__[0]=AZVc624gyhIaJ7MmRXPLunmNgq2fiA4zULHWWMuQ6PT-aNhge5yVZnzVJRlbTza6ksRioUob_nbPcgvv6uLeJziqyG91Ax1rMh8_ateJPtVJl0pofPNO9ETcqyrnIGGi6ySjyCGTheWFBXAm9GLz8qL6FUn8dvk58Dp-lsfMHki-hg&__tn__=%2CO%2CP-R,Xin v√≠a 1 t·ªù üòÖ,Xin v√≠a 1 t·ªù 
https://www.facebook.com/toiladanthuductphcm/posts/pfbid02YFonsfkGggmYiv1f8C7rccSwB8p7n8T72UfX4vfbGAb4CBmAeQAPAE2LmfbMdk28l?__cft__[0]=AZVc624gyhIaJ7MmRXPLunmNgq2fiA4zULHWWMuQ6PT-aNhge5yVZnzVJRlbTza6ksRioUob_nbPcgvv6uLeJziqyG91Ax1rMh8_ateJPtVJl0pofPNO9ETcqyrnIGGi6ySjyCGTheWFBXAm9GLz8qL6FUn8dvk58Dp-lsfMHki-hg&__tn__=%2CO%2CP-R,C√°i n√†y th√¨ tao c√≥ th·ªÉ tin c√≤n vietlot th√¨ l·ª´a d√¢n,C√°i n√†y th√¨ tao c√≥ th·ªÉ tin c√≤n vietlot th√¨ l·ª´a d√¢n
https://www.facebook.com/toiladanthuductphcm/posts/pfbid02YFonsfkGggmYiv1f8C7rccSwB8p7n8T72UfX4vfbGAb4CBmAeQAPAE2LmfbMdk28l?__cft__[0]=AZVc624gyhIaJ7MmRXPLunmNgq2fiA4zULHWWMuQ6PT-aNhge5yVZnzVJRlbTza6ksRioUob_nbPcgvv6uLeJziqyG91Ax1rMh8_ateJPtVJl0pofPNO9ETcqyrnIGGi6ySjyCGTheWFBXAm9GLz8qL6FUn8dvk58Dp-lsfMHki-hg&__tn__=%2CO%2CP-R,H√¨nh nh∆∞ ch·ªâ d∆∞·ªõi b·∫°c li√™u m·ªõi tr√∫ng sao v·∫≠y tr·ªùi,H√¨nh nh∆∞ ch·ªâ d∆∞·ªõi b·∫°c li√™u m·ªõi tr√∫ng sao v·∫≠y tr·ªùi
https://www.facebook.com/toiladanthuductphcm/posts/pfbid02YFonsfkGggmYiv1f8C7rccSwB8p7n8T72UfX4vfbGAb4CBmAeQAPAE2LmfbMdk28l?__cft__[0]=AZVc624gyhIaJ7MmRXPLunmNgq2fiA4zULHWWMuQ6PT-aNhge5yVZnzVJRlbTza6ksRioUob_nbPcgvv6uLeJziqyG91Ax1rMh8_ateJPtVJl0pofPNO9ETcqyrnIGGi6ySjyCGTheWFBXAm9GLz8qL6FUn8dvk58Dp-lsfMHki-hg&__tn__=%2CO%2CP-R,Xin v√≠a 1 t·ªù ƒë·ªôc ƒë·∫Øc üôÇ,Xin v√≠a 1 t·ªù ƒë·ªôc ƒë·∫Øc 
https://www.facebook.com/toiladanthuductphcm/posts/pfbid02YFonsfkGggmYiv1f8C7rccSwB8p7n8T72UfX4vfbGAb4CBmAeQAPAE2LmfbMdk28l?__cft__[0]=AZVc624gyhIaJ7MmRXPLunmNgq2fiA4zULHWWMuQ6PT-aNhge5yVZnzVJRlbTza6ksRioUob_nbPcgvv6uLeJziqyG91Ax1rMh8_ateJPtVJl0pofPNO9ETcqyrnIGGi6ySjyCGTheWFBXAm9GLz8qL6FUn8dvk58Dp-lsfMHki-hg&__tn__=%2CO%2CP-R,C√≥ barem h·∫øt r·ªìi. Con √¥ng ch√°u cha tr√∫ng k ah.,C√≥ barem h·∫øt r·ªìi. Con √¥ng ch√°u cha tr√∫ng k ah.
https://www.facebook.com/toiladanthuductphcm/posts/pfbid02YFonsfkGggmYiv1f8C7rccSwB8p7n8T72UfX4vfbGAb4CBmAeQAPAE2LmfbMdk28l?__cft__[0]=AZVc624gyhIaJ7MmRXPLunmNgq2fiA4zULHWWMuQ6PT-aNhge5yVZnzVJRlbTza6ksRioUob_nbPcgvv6uLeJziqyG91Ax1rMh8_ateJPtVJl0pofPNO9ETcqyrnIGGi6ySjyCGTheWFBXAm9GLz8qL6FUn8dvk58Dp-lsfMHki-hg&__tn__=%2CO%2CP-R,xin v√≠a trung ƒë·∫∑c bi·ªát,xin v√≠a trung ƒë·∫∑c bi·ªát
https://www.facebook.com/toiladanthuductphcm/posts/pfbid02YFonsfkGggmYiv1f8C7rccSwB8p7n8T72UfX4vfbGAb4CBmAeQAPAE2LmfbMdk28l?__cft__[0]=AZVc624gyhIaJ7MmRXPLunmNgq2fiA4zULHWWMuQ6PT-aNhge5yVZnzVJRlbTza6ksRioUob_nbPcgvv6uLeJziqyG91Ax1rMh8_ateJPtVJl0pofPNO9ETcqyrnIGGi6ySjyCGTheWFBXAm9GLz8qL6FUn8dvk58Dp-lsfMHki-hg&__tn__=%2CO%2CP-R,Xin dc giog a,Xin dc giog a
https://www.facebook.com/toiladanthuductphcm/posts/pfbid02YFonsfkGggmYiv1f8C7rccSwB8p7n8T72UfX4vfbGAb4CBmAeQAPAE2LmfbMdk28l?__cft__[0]=AZVc624gyhIaJ7MmRXPLunmNgq2fiA4zULHWWMuQ6PT-aNhge5yVZnzVJRlbTza6ksRioUob_nbPcgvv6uLeJziqyG91Ax1rMh8_ateJPtVJl0pofPNO9ETcqyrnIGGi6ySjyCGTheWFBXAm9GLz8qL6FUn8dvk58Dp-lsfMHki-hg&__tn__=%2CO%2CP-R,Cam Binh Nguyen Ngoc v·∫´n ko ph·∫£i ch√∫ng ta,Cam Binh Nguyen Ngoc v·∫´n ko ph·∫£i ch√∫ng ta
https://www.facebook.com/toiladanthuductphcm/posts/pfbid02YFonsfkGggmYiv1f8C7rccSwB8p7n8T72UfX4vfbGAb4CBmAeQAPAE2LmfbMdk28l?__cft__[0]=AZVc624gyhIaJ7MmRXPLunmNgq2fiA4zULHWWMuQ6PT-aNhge5yVZnzVJRlbTza6ksRioUob_nbPcgvv6uLeJziqyG91Ax1rMh8_ateJPtVJl0pofPNO9ETcqyrnIGGi6ySjyCGTheWFBXAm9GLz8qL6FUn8dvk58Dp-lsfMHki-hg&__tn__=%2CO%2CP-R,Xin v√≠a tr√∫ng s·ªë,Xin v√≠a tr√∫ng s·ªë
https://www.facebook.com/toiladanthuductphcm/posts/pfbid02YFonsfkGggmYiv1f8C7rccSwB8p7n8T72UfX4vfbGAb4CBmAeQAPAE2LmfbMdk28l?__cft__[0]=AZVc624gyhIaJ7MmRXPLunmNgq2fiA4zULHWWMuQ6PT-aNhge5yVZnzVJRlbTza6ksRioUob_nbPcgvv6uLeJziqyG91Ax1rMh8_ateJPtVJl0pofPNO9ETcqyrnIGGi6ySjyCGTheWFBXAm9GLz8qL6FUn8dvk58Dp-lsfMHki-hg&__tn__=%2CO%2CP-R,"v·ª£ tui c≈©ng mua 5 t·ªù s·ªë b√¨nh thu·∫≠n ng√†y 5/6 n√†y lu√¥n, m√† ko tr√∫ng kh√≥c huhu n√£y gi·ªù 
 Th√πy Dung ü§£ ü§£ ü§£","v·ª£ tui c≈©ng mua 5 t·ªù s·ªë b√¨nh thu·∫≠n ng√†y 5/6 n√†y lu√¥n, m√† ko tr√∫ng kh√≥c huhu n√£y gi·ªù 
 Th√πy Dung   "
https://www.facebook.com/toiladanthuductphcm/posts/pfbid02YFonsfkGggmYiv1f8C7rccSwB8p7n8T72UfX4vfbGAb4CBmAeQAPAE2LmfbMdk28l?__cft__[0]=AZVc624gyhIaJ7MmRXPLunmNgq2fiA4zULHWWMuQ6PT-aNhge5yVZnzVJRlbTza6ksRioUob_nbPcgvv6uLeJziqyG91Ax1rMh8_ateJPtVJl0pofPNO9ETcqyrnIGGi6ySjyCGTheWFBXAm9GLz8qL6FUn8dvk58Dp-lsfMHki-hg&__tn__=%2CO%2CP-R,Xin v√≠a ch√∫ng 2 t·ª∑,Xin v√≠a ch√∫ng 2 t·ª∑
https://www.facebook.com/toiladanthuductphcm/posts/pfbid02YFonsfkGggmYiv1f8C7rccSwB8p7n8T72UfX4vfbGAb4CBmAeQAPAE2LmfbMdk28l?__cft__[0]=AZVc624gyhIaJ7MmRXPLunmNgq2fiA4zULHWWMuQ6PT-aNhge5yVZnzVJRlbTza6ksRioUob_nbPcgvv6uLeJziqyG91Ax1rMh8_ateJPtVJl0pofPNO9ETcqyrnIGGi6ySjyCGTheWFBXAm9GLz8qL6FUn8dvk58Dp-lsfMHki-hg&__tn__=%2CO%2CP-R,Xin v√≠a t√†i l·ªôc,Xin v√≠a t√†i l·ªôc
https://www.facebook.com/toiladanthuductphcm/posts/pfbid02YFonsfkGggmYiv1f8C7rccSwB8p7n8T72UfX4vfbGAb4CBmAeQAPAE2LmfbMdk28l?__cft__[0]=AZVc624gyhIaJ7MmRXPLunmNgq2fiA4zULHWWMuQ6PT-aNhge5yVZnzVJRlbTza6ksRioUob_nbPcgvv6uLeJziqyG91Ax1rMh8_ateJPtVJl0pofPNO9ETcqyrnIGGi6ySjyCGTheWFBXAm9GLz8qL6FUn8dvk58Dp-lsfMHki-hg&__tn__=%2CO%2CP-R,xin via,xin via
https://www.facebook.com/toiladanthuductphcm/posts/pfbid02YFonsfkGggmYiv1f8C7rccSwB8p7n8T72UfX4vfbGAb4CBmAeQAPAE2LmfbMdk28l?__cft__[0]=AZVc624gyhIaJ7MmRXPLunmNgq2fiA4zULHWWMuQ6PT-aNhge5yVZnzVJRlbTza6ksRioUob_nbPcgvv6uLeJziqyG91Ax1rMh8_ateJPtVJl0pofPNO9ETcqyrnIGGi6ySjyCGTheWFBXAm9GLz8qL6FUn8dvk58Dp-lsfMHki-hg&__tn__=%2CO%2CP-R,Xin v√≠a may m·∫Øn v√† tai l·ªôc,Xin v√≠a may m·∫Øn v√† tai l·ªôc
https://www.facebook.com/toiladanthuductphcm/posts/pfbid02YFonsfkGggmYiv1f8C7rccSwB8p7n8T72UfX4vfbGAb4CBmAeQAPAE2LmfbMdk28l?__cft__[0]=AZVc624gyhIaJ7MmRXPLunmNgq2fiA4zULHWWMuQ6PT-aNhge5yVZnzVJRlbTza6ksRioUob_nbPcgvv6uLeJziqyG91Ax1rMh8_ateJPtVJl0pofPNO9ETcqyrnIGGi6ySjyCGTheWFBXAm9GLz8qL6FUn8dvk58Dp-lsfMHki-hg&__tn__=%2CO%2CP-R,Xin v√≠a üëç,Xin v√≠a 
https://www.facebook.com/toiladanthuductphcm/posts/pfbid02YFonsfkGggmYiv1f8C7rccSwB8p7n8T72UfX4vfbGAb4CBmAeQAPAE2LmfbMdk28l?__cft__[0]=AZVc624gyhIaJ7MmRXPLunmNgq2fiA4zULHWWMuQ6PT-aNhge5yVZnzVJRlbTza6ksRioUob_nbPcgvv6uLeJziqyG91Ax1rMh8_ateJPtVJl0pofPNO9ETcqyrnIGGi6ySjyCGTheWFBXAm9GLz8qL6FUn8dvk58Dp-lsfMHki-hg&__tn__=%2CO%2CP-R,Xin v√≠a tr√∫ng ƒë·∫∑t bi·ªát ·∫°,Xin v√≠a tr√∫ng ƒë·∫∑t bi·ªát ·∫°
https://www.facebook.com/toiladanthuductphcm/posts/pfbid02YFonsfkGggmYiv1f8C7rccSwB8p7n8T72UfX4vfbGAb4CBmAeQAPAE2LmfbMdk28l?__cft__[0]=AZVc624gyhIaJ7MmRXPLunmNgq2fiA4zULHWWMuQ6PT-aNhge5yVZnzVJRlbTza6ksRioUob_nbPcgvv6uLeJziqyG91Ax1rMh8_ateJPtVJl0pofPNO9ETcqyrnIGGi6ySjyCGTheWFBXAm9GLz8qL6FUn8dvk58Dp-lsfMHki-hg&__tn__=%2CO%2CP-R,Xin ƒë∆∞·ª£c m∆∞·ª£n v√≠a tr√∫ng ƒë·ªôc ƒë·∫Øc t√¥i xin c·∫£m ∆°n,Xin ƒë∆∞·ª£c m∆∞·ª£n v√≠a tr√∫ng ƒë·ªôc ƒë·∫Øc t√¥i xin c·∫£m ∆°n
https://www.facebook.com/toiladanthuductphcm/posts/pfbid02YFonsfkGggmYiv1f8C7rccSwB8p7n8T72UfX4vfbGAb4CBmAeQAPAE2LmfbMdk28l?__cft__[0]=AZVc624gyhIaJ7MmRXPLunmNgq2fiA4zULHWWMuQ6PT-aNhge5yVZnzVJRlbTza6ksRioUob_nbPcgvv6uLeJziqyG91Ax1rMh8_ateJPtVJl0pofPNO9ETcqyrnIGGi6ySjyCGTheWFBXAm9GLz8qL6FUn8dvk58Dp-lsfMHki-hg&__tn__=%2CO%2CP-R,Xin v√≠a c·ª±c m·∫°nh,Xin v√≠a c·ª±c m·∫°nh
https://www.facebook.com/toiladanthuductphcm/posts/pfbid02YFonsfkGggmYiv1f8C7rccSwB8p7n8T72UfX4vfbGAb4CBmAeQAPAE2LmfbMdk28l?__cft__[0]=AZVc624gyhIaJ7MmRXPLunmNgq2fiA4zULHWWMuQ6PT-aNhge5yVZnzVJRlbTza6ksRioUob_nbPcgvv6uLeJziqyG91Ax1rMh8_ateJPtVJl0pofPNO9ETcqyrnIGGi6ySjyCGTheWFBXAm9GLz8qL6FUn8dvk58Dp-lsfMHki-hg&__tn__=%2CO%2CP-R,Ch√°n l·∫Øm,Ch√°n l·∫Øm
https://www.facebook.com/toiladanthuductphcm/posts/pfbid02YFonsfkGggmYiv1f8C7rccSwB8p7n8T72UfX4vfbGAb4CBmAeQAPAE2LmfbMdk28l?__cft__[0]=AZVc624gyhIaJ7MmRXPLunmNgq2fiA4zULHWWMuQ6PT-aNhge5yVZnzVJRlbTza6ksRioUob_nbPcgvv6uLeJziqyG91Ax1rMh8_ateJPtVJl0pofPNO9ETcqyrnIGGi6ySjyCGTheWFBXAm9GLz8qL6FUn8dvk58Dp-lsfMHki-hg&__tn__=%2CO%2CP-R,C√≥ c√°i n·ªãt,C√≥ c√°i n·ªãt
https://www.facebook.com/toiladanthuductphcm/posts/pfbid02YFonsfkGggmYiv1f8C7rccSwB8p7n8T72UfX4vfbGAb4CBmAeQAPAE2LmfbMdk28l?__cft__[0]=AZVc624gyhIaJ7MmRXPLunmNgq2fiA4zULHWWMuQ6PT-aNhge5yVZnzVJRlbTza6ksRioUob_nbPcgvv6uLeJziqyG91Ax1rMh8_ateJPtVJl0pofPNO9ETcqyrnIGGi6ySjyCGTheWFBXAm9GLz8qL6FUn8dvk58Dp-lsfMHki-hg&__tn__=%2CO%2CP-R,Xin v√≠a tr√∫ng ƒë·∫∑c bi·ªát,Xin v√≠a tr√∫ng ƒë·∫∑c bi·ªát
https://www.facebook.com/toiladanthuductphcm/posts/pfbid02YFonsfkGggmYiv1f8C7rccSwB8p7n8T72UfX4vfbGAb4CBmAeQAPAE2LmfbMdk28l?__cft__[0]=AZVc624gyhIaJ7MmRXPLunmNgq2fiA4zULHWWMuQ6PT-aNhge5yVZnzVJRlbTza6ksRioUob_nbPcgvv6uLeJziqyG91Ax1rMh8_ateJPtVJl0pofPNO9ETcqyrnIGGi6ySjyCGTheWFBXAm9GLz8qL6FUn8dvk58Dp-lsfMHki-hg&__tn__=%2CO%2CP-R,Th√†nh t√¢m xin v√≠a 4t·ª∑ üòä,Th√†nh t√¢m xin v√≠a 4t·ª∑ 
https://www.facebook.com/toiladanthuductphcm/posts/pfbid02YFonsfkGggmYiv1f8C7rccSwB8p7n8T72UfX4vfbGAb4CBmAeQAPAE2LmfbMdk28l?__cft__[0]=AZVc624gyhIaJ7MmRXPLunmNgq2fiA4zULHWWMuQ6PT-aNhge5yVZnzVJRlbTza6ksRioUob_nbPcgvv6uLeJziqyG91Ax1rMh8_ateJPtVJl0pofPNO9ETcqyrnIGGi6ySjyCGTheWFBXAm9GLz8qL6FUn8dvk58Dp-lsfMHki-hg&__tn__=%2CO%2CP-R,Xin v√≠a may m·∫Øn t√†i l·ªôc tr√∫ng ƒë·∫∑c bi·ªát chi·ªÅu nay,Xin v√≠a may m·∫Øn t√†i l·ªôc tr√∫ng ƒë·∫∑c bi·ªát chi·ªÅu nay
https://www.facebook.com/toiladanthuductphcm/posts/pfbid02YFonsfkGggmYiv1f8C7rccSwB8p7n8T72UfX4vfbGAb4CBmAeQAPAE2LmfbMdk28l?__cft__[0]=AZVc624gyhIaJ7MmRXPLunmNgq2fiA4zULHWWMuQ6PT-aNhge5yVZnzVJRlbTza6ksRioUob_nbPcgvv6uLeJziqyG91Ax1rMh8_ateJPtVJl0pofPNO9ETcqyrnIGGi6ySjyCGTheWFBXAm9GLz8qL6FUn8dvk58Dp-lsfMHki-hg&__tn__=%2CO%2CP-R,Cho e xin v√≠a anh oi,Cho e xin v√≠a anh oi
https://www.facebook.com/toiladanthuductphcm/posts/pfbid02YFonsfkGggmYiv1f8C7rccSwB8p7n8T72UfX4vfbGAb4CBmAeQAPAE2LmfbMdk28l?__cft__[0]=AZVc624gyhIaJ7MmRXPLunmNgq2fiA4zULHWWMuQ6PT-aNhge5yVZnzVJRlbTza6ksRioUob_nbPcgvv6uLeJziqyG91Ax1rMh8_ateJPtVJl0pofPNO9ETcqyrnIGGi6ySjyCGTheWFBXAm9GLz8qL6FUn8dvk58Dp-lsfMHki-hg&__tn__=%2CO%2CP-R,D√¥ xin via ne ch·ª© mua qu√†i m√† hok thay tr√∫ng Bums Rose,D√¥ xin via ne ch·ª© mua qu√†i m√† hok thay tr√∫ng Bums Rose
https://www.facebook.com/toiladanthuductphcm/posts/pfbid02YFonsfkGggmYiv1f8C7rccSwB8p7n8T72UfX4vfbGAb4CBmAeQAPAE2LmfbMdk28l?__cft__[0]=AZVc624gyhIaJ7MmRXPLunmNgq2fiA4zULHWWMuQ6PT-aNhge5yVZnzVJRlbTza6ksRioUob_nbPcgvv6uLeJziqyG91Ax1rMh8_ateJPtVJl0pofPNO9ETcqyrnIGGi6ySjyCGTheWFBXAm9GLz8qL6FUn8dvk58Dp-lsfMHki-hg&__tn__=%2CO%2CP-R,"·ª¶a h√¥m qua th·∫•y con kh√°c m√†, ƒë√†i B√¨nh Thu·∫≠n th√°ng nay tr√∫ng nhi·ªÅu v·∫≠y 
 b·ªõt x·∫°o l ƒëi nha ü§£","·ª¶a h√¥m qua th·∫•y con kh√°c m√†, ƒë√†i B√¨nh Thu·∫≠n th√°ng nay tr√∫ng nhi·ªÅu v·∫≠y 
 b·ªõt x·∫°o l ƒëi nha "
https://www.facebook.com/toiladanthuductphcm/posts/pfbid02YFonsfkGggmYiv1f8C7rccSwB8p7n8T72UfX4vfbGAb4CBmAeQAPAE2LmfbMdk28l?__cft__[0]=AZVc624gyhIaJ7MmRXPLunmNgq2fiA4zULHWWMuQ6PT-aNhge5yVZnzVJRlbTza6ksRioUob_nbPcgvv6uLeJziqyG91Ax1rMh8_ateJPtVJl0pofPNO9ETcqyrnIGGi6ySjyCGTheWFBXAm9GLz8qL6FUn8dvk58Dp-lsfMHki-hg&__tn__=%2CO%2CP-R,Th√†nh t√¢m xin v√≠a,Th√†nh t√¢m xin v√≠a
https://www.facebook.com/toiladanthuductphcm/posts/pfbid02YFonsfkGggmYiv1f8C7rccSwB8p7n8T72UfX4vfbGAb4CBmAeQAPAE2LmfbMdk28l?__cft__[0]=AZVc624gyhIaJ7MmRXPLunmNgq2fiA4zULHWWMuQ6PT-aNhge5yVZnzVJRlbTza6ksRioUob_nbPcgvv6uLeJziqyG91Ax1rMh8_ateJPtVJl0pofPNO9ETcqyrnIGGi6ySjyCGTheWFBXAm9GLz8qL6FUn8dvk58Dp-lsfMHki-hg&__tn__=%2CO%2CP-R,Xin v√≠a xinv√≠a tr√∫ng gi·∫£i ƒë·∫∑c bi·ªát,Xin v√≠a xinv√≠a tr√∫ng gi·∫£i ƒë·∫∑c bi·ªát
https://www.facebook.com/toiladanthuductphcm/posts/pfbid02YFonsfkGggmYiv1f8C7rccSwB8p7n8T72UfX4vfbGAb4CBmAeQAPAE2LmfbMdk28l?__cft__[0]=AZVc624gyhIaJ7MmRXPLunmNgq2fiA4zULHWWMuQ6PT-aNhge5yVZnzVJRlbTza6ksRioUob_nbPcgvv6uLeJziqyG91Ax1rMh8_ateJPtVJl0pofPNO9ETcqyrnIGGi6ySjyCGTheWFBXAm9GLz8qL6FUn8dvk58Dp-lsfMHki-hg&__tn__=%2CO%2CP-R,Co th√¨ n√≥i ko thi th√¥i,Co th√¨ n√≥i ko thi th√¥i
