url,comment_text
https://www.facebook.com/toiladanthuductphcm/posts/pfbid02YFonsfkGggmYiv1f8C7rccSwB8p7n8T72UfX4vfbGAb4CBmAeQAPAE2LmfbMdk28l?__cft__[0]=AZVc624gyhIaJ7MmRXPLunmNgq2fiA4zULHWWMuQ6PT-aNhge5yVZnzVJRlbTza6ksRioUob_nbPcgvv6uLeJziqyG91Ax1rMh8_ateJPtVJl0pofPNO9ETcqyrnIGGi6ySjyCGTheWFBXAm9GLz8qL6FUn8dvk58Dp-lsfMHki-hg&__tn__=%2CO%2CP-R,Lốc số nó có 13 tờ mà ông này trúng 14 tờ luôn à
https://www.facebook.com/toiladanthuductphcm/posts/pfbid02YFonsfkGggmYiv1f8C7rccSwB8p7n8T72UfX4vfbGAb4CBmAeQAPAE2LmfbMdk28l?__cft__[0]=AZVc624gyhIaJ7MmRXPLunmNgq2fiA4zULHWWMuQ6PT-aNhge5yVZnzVJRlbTza6ksRioUob_nbPcgvv6uLeJziqyG91Ax1rMh8_ateJPtVJl0pofPNO9ETcqyrnIGGi6ySjyCGTheWFBXAm9GLz8qL6FUn8dvk58Dp-lsfMHki-hg&__tn__=%2CO%2CP-R,"Ng ta ăn ở có đức mới đc trúng, mấy cha thất đức chết mịa, ai mà thèm độ 🫵 🫵 🫵"
https://www.facebook.com/toiladanthuductphcm/posts/pfbid02YFonsfkGggmYiv1f8C7rccSwB8p7n8T72UfX4vfbGAb4CBmAeQAPAE2LmfbMdk28l?__cft__[0]=AZVc624gyhIaJ7MmRXPLunmNgq2fiA4zULHWWMuQ6PT-aNhge5yVZnzVJRlbTza6ksRioUob_nbPcgvv6uLeJziqyG91Ax1rMh8_ateJPtVJl0pofPNO9ETcqyrnIGGi6ySjyCGTheWFBXAm9GLz8qL6FUn8dvk58Dp-lsfMHki-hg&__tn__=%2CO%2CP-R,Sao giống người a họ thất lạc của mình quá 😂 😭
https://www.facebook.com/toiladanthuductphcm/posts/pfbid02YFonsfkGggmYiv1f8C7rccSwB8p7n8T72UfX4vfbGAb4CBmAeQAPAE2LmfbMdk28l?__cft__[0]=AZVc624gyhIaJ7MmRXPLunmNgq2fiA4zULHWWMuQ6PT-aNhge5yVZnzVJRlbTza6ksRioUob_nbPcgvv6uLeJziqyG91Ax1rMh8_ateJPtVJl0pofPNO9ETcqyrnIGGi6ySjyCGTheWFBXAm9GLz8qL6FUn8dvk58Dp-lsfMHki-hg&__tn__=%2CO%2CP-R,"Trúng gió à 
 con cháu của nó cả thôi 😂"
https://www.facebook.com/toiladanthuductphcm/posts/pfbid02YFonsfkGggmYiv1f8C7rccSwB8p7n8T72UfX4vfbGAb4CBmAeQAPAE2LmfbMdk28l?__cft__[0]=AZVc624gyhIaJ7MmRXPLunmNgq2fiA4zULHWWMuQ6PT-aNhge5yVZnzVJRlbTza6ksRioUob_nbPcgvv6uLeJziqyG91Ax1rMh8_ateJPtVJl0pofPNO9ETcqyrnIGGi6ySjyCGTheWFBXAm9GLz8qL6FUn8dvk58Dp-lsfMHki-hg&__tn__=%2CO%2CP-R,Anh còn nhớ ổ bánh mì mình từng chia đôi kh
https://www.facebook.com/toiladanthuductphcm/posts/pfbid02YFonsfkGggmYiv1f8C7rccSwB8p7n8T72UfX4vfbGAb4CBmAeQAPAE2LmfbMdk28l?__cft__[0]=AZVc624gyhIaJ7MmRXPLunmNgq2fiA4zULHWWMuQ6PT-aNhge5yVZnzVJRlbTza6ksRioUob_nbPcgvv6uLeJziqyG91Ax1rMh8_ateJPtVJl0pofPNO9ETcqyrnIGGi6ySjyCGTheWFBXAm9GLz8qL6FUn8dvk58Dp-lsfMHki-hg&__tn__=%2CO%2CP-R,Xin Chuc mung 🙏 👏
https://www.facebook.com/toiladanthuductphcm/posts/pfbid02YFonsfkGggmYiv1f8C7rccSwB8p7n8T72UfX4vfbGAb4CBmAeQAPAE2LmfbMdk28l?__cft__[0]=AZVc624gyhIaJ7MmRXPLunmNgq2fiA4zULHWWMuQ6PT-aNhge5yVZnzVJRlbTza6ksRioUob_nbPcgvv6uLeJziqyG91Ax1rMh8_ateJPtVJl0pofPNO9ETcqyrnIGGi6ySjyCGTheWFBXAm9GLz8qL6FUn8dvk58Dp-lsfMHki-hg&__tn__=%2CO%2CP-R,Xin vía xin vía 😂
https://www.facebook.com/toiladanthuductphcm/posts/pfbid02YFonsfkGggmYiv1f8C7rccSwB8p7n8T72UfX4vfbGAb4CBmAeQAPAE2LmfbMdk28l?__cft__[0]=AZVc624gyhIaJ7MmRXPLunmNgq2fiA4zULHWWMuQ6PT-aNhge5yVZnzVJRlbTza6ksRioUob_nbPcgvv6uLeJziqyG91Ax1rMh8_ateJPtVJl0pofPNO9ETcqyrnIGGi6ySjyCGTheWFBXAm9GLz8qL6FUn8dvk58Dp-lsfMHki-hg&__tn__=%2CO%2CP-R,Xin vía may mắn mắn
https://www.facebook.com/toiladanthuductphcm/posts/pfbid02YFonsfkGggmYiv1f8C7rccSwB8p7n8T72UfX4vfbGAb4CBmAeQAPAE2LmfbMdk28l?__cft__[0]=AZVc624gyhIaJ7MmRXPLunmNgq2fiA4zULHWWMuQ6PT-aNhge5yVZnzVJRlbTza6ksRioUob_nbPcgvv6uLeJziqyG91Ax1rMh8_ateJPtVJl0pofPNO9ETcqyrnIGGi6ySjyCGTheWFBXAm9GLz8qL6FUn8dvk58Dp-lsfMHki-hg&__tn__=%2CO%2CP-R,Thành Tâm xin vía may mắn
https://www.facebook.com/toiladanthuductphcm/posts/pfbid02YFonsfkGggmYiv1f8C7rccSwB8p7n8T72UfX4vfbGAb4CBmAeQAPAE2LmfbMdk28l?__cft__[0]=AZVc624gyhIaJ7MmRXPLunmNgq2fiA4zULHWWMuQ6PT-aNhge5yVZnzVJRlbTza6ksRioUob_nbPcgvv6uLeJziqyG91Ax1rMh8_ateJPtVJl0pofPNO9ETcqyrnIGGi6ySjyCGTheWFBXAm9GLz8qL6FUn8dvk58Dp-lsfMHki-hg&__tn__=%2CO%2CP-R,Xin vía ạ
https://www.facebook.com/toiladanthuductphcm/posts/pfbid02YFonsfkGggmYiv1f8C7rccSwB8p7n8T72UfX4vfbGAb4CBmAeQAPAE2LmfbMdk28l?__cft__[0]=AZVc624gyhIaJ7MmRXPLunmNgq2fiA4zULHWWMuQ6PT-aNhge5yVZnzVJRlbTza6ksRioUob_nbPcgvv6uLeJziqyG91Ax1rMh8_ateJPtVJl0pofPNO9ETcqyrnIGGi6ySjyCGTheWFBXAm9GLz8qL6FUn8dvk58Dp-lsfMHki-hg&__tn__=%2CO%2CP-R,Vé số đang ế
https://www.facebook.com/toiladanthuductphcm/posts/pfbid02YFonsfkGggmYiv1f8C7rccSwB8p7n8T72UfX4vfbGAb4CBmAeQAPAE2LmfbMdk28l?__cft__[0]=AZVc624gyhIaJ7MmRXPLunmNgq2fiA4zULHWWMuQ6PT-aNhge5yVZnzVJRlbTza6ksRioUob_nbPcgvv6uLeJziqyG91Ax1rMh8_ateJPtVJl0pofPNO9ETcqyrnIGGi6ySjyCGTheWFBXAm9GLz8qL6FUn8dvk58Dp-lsfMHki-hg&__tn__=%2CO%2CP-R,Dạ cho xin cái vía nhẹ nhẹ 1to dac biệt ạ
https://www.facebook.com/toiladanthuductphcm/posts/pfbid02YFonsfkGggmYiv1f8C7rccSwB8p7n8T72UfX4vfbGAb4CBmAeQAPAE2LmfbMdk28l?__cft__[0]=AZVc624gyhIaJ7MmRXPLunmNgq2fiA4zULHWWMuQ6PT-aNhge5yVZnzVJRlbTza6ksRioUob_nbPcgvv6uLeJziqyG91Ax1rMh8_ateJPtVJl0pofPNO9ETcqyrnIGGi6ySjyCGTheWFBXAm9GLz8qL6FUn8dvk58Dp-lsfMHki-hg&__tn__=%2CO%2CP-R,Xin vía may mắn
https://www.facebook.com/toiladanthuductphcm/posts/pfbid02YFonsfkGggmYiv1f8C7rccSwB8p7n8T72UfX4vfbGAb4CBmAeQAPAE2LmfbMdk28l?__cft__[0]=AZVc624gyhIaJ7MmRXPLunmNgq2fiA4zULHWWMuQ6PT-aNhge5yVZnzVJRlbTza6ksRioUob_nbPcgvv6uLeJziqyG91Ax1rMh8_ateJPtVJl0pofPNO9ETcqyrnIGGi6ySjyCGTheWFBXAm9GLz8qL6FUn8dvk58Dp-lsfMHki-hg&__tn__=%2CO%2CP-R,Xin vía ạ
https://www.facebook.com/toiladanthuductphcm/posts/pfbid02YFonsfkGggmYiv1f8C7rccSwB8p7n8T72UfX4vfbGAb4CBmAeQAPAE2LmfbMdk28l?__cft__[0]=AZVc624gyhIaJ7MmRXPLunmNgq2fiA4zULHWWMuQ6PT-aNhge5yVZnzVJRlbTza6ksRioUob_nbPcgvv6uLeJziqyG91Ax1rMh8_ateJPtVJl0pofPNO9ETcqyrnIGGi6ySjyCGTheWFBXAm9GLz8qL6FUn8dvk58Dp-lsfMHki-hg&__tn__=%2CO%2CP-R,Em xin vía ạ.
https://www.facebook.com/toiladanthuductphcm/posts/pfbid02YFonsfkGggmYiv1f8C7rccSwB8p7n8T72UfX4vfbGAb4CBmAeQAPAE2LmfbMdk28l?__cft__[0]=AZVc624gyhIaJ7MmRXPLunmNgq2fiA4zULHWWMuQ6PT-aNhge5yVZnzVJRlbTza6ksRioUob_nbPcgvv6uLeJziqyG91Ax1rMh8_ateJPtVJl0pofPNO9ETcqyrnIGGi6ySjyCGTheWFBXAm9GLz8qL6FUn8dvk58Dp-lsfMHki-hg&__tn__=%2CO%2CP-R,Xin lộc 1 tờ an ủi cũng ạ
https://www.facebook.com/toiladanthuductphcm/posts/pfbid02YFonsfkGggmYiv1f8C7rccSwB8p7n8T72UfX4vfbGAb4CBmAeQAPAE2LmfbMdk28l?__cft__[0]=AZVc624gyhIaJ7MmRXPLunmNgq2fiA4zULHWWMuQ6PT-aNhge5yVZnzVJRlbTza6ksRioUob_nbPcgvv6uLeJziqyG91Ax1rMh8_ateJPtVJl0pofPNO9ETcqyrnIGGi6ySjyCGTheWFBXAm9GLz8qL6FUn8dvk58Dp-lsfMHki-hg&__tn__=%2CO%2CP-R,Xin vía trúng độc đắc
https://www.facebook.com/toiladanthuductphcm/posts/pfbid02YFonsfkGggmYiv1f8C7rccSwB8p7n8T72UfX4vfbGAb4CBmAeQAPAE2LmfbMdk28l?__cft__[0]=AZVc624gyhIaJ7MmRXPLunmNgq2fiA4zULHWWMuQ6PT-aNhge5yVZnzVJRlbTza6ksRioUob_nbPcgvv6uLeJziqyG91Ax1rMh8_ateJPtVJl0pofPNO9ETcqyrnIGGi6ySjyCGTheWFBXAm9GLz8qL6FUn8dvk58Dp-lsfMHki-hg&__tn__=%2CO%2CP-R,Xin vía trúng giải đặc biệt
https://www.facebook.com/toiladanthuductphcm/posts/pfbid02YFonsfkGggmYiv1f8C7rccSwB8p7n8T72UfX4vfbGAb4CBmAeQAPAE2LmfbMdk28l?__cft__[0]=AZVc624gyhIaJ7MmRXPLunmNgq2fiA4zULHWWMuQ6PT-aNhge5yVZnzVJRlbTza6ksRioUob_nbPcgvv6uLeJziqyG91Ax1rMh8_ateJPtVJl0pofPNO9ETcqyrnIGGi6ySjyCGTheWFBXAm9GLz8qL6FUn8dvk58Dp-lsfMHki-hg&__tn__=%2CO%2CP-R,Xin vía trúng đặc biệt a di đà phật
https://www.facebook.com/toiladanthuductphcm/posts/pfbid02YFonsfkGggmYiv1f8C7rccSwB8p7n8T72UfX4vfbGAb4CBmAeQAPAE2LmfbMdk28l?__cft__[0]=AZVc624gyhIaJ7MmRXPLunmNgq2fiA4zULHWWMuQ6PT-aNhge5yVZnzVJRlbTza6ksRioUob_nbPcgvv6uLeJziqyG91Ax1rMh8_ateJPtVJl0pofPNO9ETcqyrnIGGi6ySjyCGTheWFBXAm9GLz8qL6FUn8dvk58Dp-lsfMHki-hg&__tn__=%2CO%2CP-R,Xin via may mắn anh oi
https://www.facebook.com/toiladanthuductphcm/posts/pfbid02YFonsfkGggmYiv1f8C7rccSwB8p7n8T72UfX4vfbGAb4CBmAeQAPAE2LmfbMdk28l?__cft__[0]=AZVc624gyhIaJ7MmRXPLunmNgq2fiA4zULHWWMuQ6PT-aNhge5yVZnzVJRlbTza6ksRioUob_nbPcgvv6uLeJziqyG91Ax1rMh8_ateJPtVJl0pofPNO9ETcqyrnIGGi6ySjyCGTheWFBXAm9GLz8qL6FUn8dvk58Dp-lsfMHki-hg&__tn__=%2CO%2CP-R,Xin vía xin vía xin vía ą
https://www.facebook.com/toiladanthuductphcm/posts/pfbid02YFonsfkGggmYiv1f8C7rccSwB8p7n8T72UfX4vfbGAb4CBmAeQAPAE2LmfbMdk28l?__cft__[0]=AZVc624gyhIaJ7MmRXPLunmNgq2fiA4zULHWWMuQ6PT-aNhge5yVZnzVJRlbTza6ksRioUob_nbPcgvv6uLeJziqyG91Ax1rMh8_ateJPtVJl0pofPNO9ETcqyrnIGGi6ySjyCGTheWFBXAm9GLz8qL6FUn8dvk58Dp-lsfMHki-hg&__tn__=%2CO%2CP-R,Nhìn quen ghê hơm
https://www.facebook.com/toiladanthuductphcm/posts/pfbid02YFonsfkGggmYiv1f8C7rccSwB8p7n8T72UfX4vfbGAb4CBmAeQAPAE2LmfbMdk28l?__cft__[0]=AZVc624gyhIaJ7MmRXPLunmNgq2fiA4zULHWWMuQ6PT-aNhge5yVZnzVJRlbTza6ksRioUob_nbPcgvv6uLeJziqyG91Ax1rMh8_ateJPtVJl0pofPNO9ETcqyrnIGGi6ySjyCGTheWFBXAm9GLz8qL6FUn8dvk58Dp-lsfMHki-hg&__tn__=%2CO%2CP-R,Cầu sin vía
https://www.facebook.com/toiladanthuductphcm/posts/pfbid02YFonsfkGggmYiv1f8C7rccSwB8p7n8T72UfX4vfbGAb4CBmAeQAPAE2LmfbMdk28l?__cft__[0]=AZVc624gyhIaJ7MmRXPLunmNgq2fiA4zULHWWMuQ6PT-aNhge5yVZnzVJRlbTza6ksRioUob_nbPcgvv6uLeJziqyG91Ax1rMh8_ateJPtVJl0pofPNO9ETcqyrnIGGi6ySjyCGTheWFBXAm9GLz8qL6FUn8dvk58Dp-lsfMHki-hg&__tn__=%2CO%2CP-R,Xin vía
https://www.facebook.com/toiladanthuductphcm/posts/pfbid02YFonsfkGggmYiv1f8C7rccSwB8p7n8T72UfX4vfbGAb4CBmAeQAPAE2LmfbMdk28l?__cft__[0]=AZVc624gyhIaJ7MmRXPLunmNgq2fiA4zULHWWMuQ6PT-aNhge5yVZnzVJRlbTza6ksRioUob_nbPcgvv6uLeJziqyG91Ax1rMh8_ateJPtVJl0pofPNO9ETcqyrnIGGi6ySjyCGTheWFBXAm9GLz8qL6FUn8dvk58Dp-lsfMHki-hg&__tn__=%2CO%2CP-R,Xin vía may mắn tài lộc
https://www.facebook.com/toiladanthuductphcm/posts/pfbid02YFonsfkGggmYiv1f8C7rccSwB8p7n8T72UfX4vfbGAb4CBmAeQAPAE2LmfbMdk28l?__cft__[0]=AZVc624gyhIaJ7MmRXPLunmNgq2fiA4zULHWWMuQ6PT-aNhge5yVZnzVJRlbTza6ksRioUob_nbPcgvv6uLeJziqyG91Ax1rMh8_ateJPtVJl0pofPNO9ETcqyrnIGGi6ySjyCGTheWFBXAm9GLz8qL6FUn8dvk58Dp-lsfMHki-hg&__tn__=%2CO%2CP-R,Xin vía 😍 😍
https://www.facebook.com/toiladanthuductphcm/posts/pfbid02YFonsfkGggmYiv1f8C7rccSwB8p7n8T72UfX4vfbGAb4CBmAeQAPAE2LmfbMdk28l?__cft__[0]=AZVc624gyhIaJ7MmRXPLunmNgq2fiA4zULHWWMuQ6PT-aNhge5yVZnzVJRlbTza6ksRioUob_nbPcgvv6uLeJziqyG91Ax1rMh8_ateJPtVJl0pofPNO9ETcqyrnIGGi6ySjyCGTheWFBXAm9GLz8qL6FUn8dvk58Dp-lsfMHki-hg&__tn__=%2CO%2CP-R,"Người a thất lạc của tôi,"
https://www.facebook.com/toiladanthuductphcm/posts/pfbid02YFonsfkGggmYiv1f8C7rccSwB8p7n8T72UfX4vfbGAb4CBmAeQAPAE2LmfbMdk28l?__cft__[0]=AZVc624gyhIaJ7MmRXPLunmNgq2fiA4zULHWWMuQ6PT-aNhge5yVZnzVJRlbTza6ksRioUob_nbPcgvv6uLeJziqyG91Ax1rMh8_ateJPtVJl0pofPNO9ETcqyrnIGGi6ySjyCGTheWFBXAm9GLz8qL6FUn8dvk58Dp-lsfMHki-hg&__tn__=%2CO%2CP-R,Xin vía may mắn
https://www.facebook.com/toiladanthuductphcm/posts/pfbid02YFonsfkGggmYiv1f8C7rccSwB8p7n8T72UfX4vfbGAb4CBmAeQAPAE2LmfbMdk28l?__cft__[0]=AZVc624gyhIaJ7MmRXPLunmNgq2fiA4zULHWWMuQ6PT-aNhge5yVZnzVJRlbTza6ksRioUob_nbPcgvv6uLeJziqyG91Ax1rMh8_ateJPtVJl0pofPNO9ETcqyrnIGGi6ySjyCGTheWFBXAm9GLz8qL6FUn8dvk58Dp-lsfMHki-hg&__tn__=%2CO%2CP-R,"Xin vía, xin vía 😂"
https://www.facebook.com/toiladanthuductphcm/posts/pfbid02YFonsfkGggmYiv1f8C7rccSwB8p7n8T72UfX4vfbGAb4CBmAeQAPAE2LmfbMdk28l?__cft__[0]=AZVc624gyhIaJ7MmRXPLunmNgq2fiA4zULHWWMuQ6PT-aNhge5yVZnzVJRlbTza6ksRioUob_nbPcgvv6uLeJziqyG91Ax1rMh8_ateJPtVJl0pofPNO9ETcqyrnIGGi6ySjyCGTheWFBXAm9GLz8qL6FUn8dvk58Dp-lsfMHki-hg&__tn__=%2CO%2CP-R,Xin vía
https://www.facebook.com/toiladanthuductphcm/posts/pfbid02YFonsfkGggmYiv1f8C7rccSwB8p7n8T72UfX4vfbGAb4CBmAeQAPAE2LmfbMdk28l?__cft__[0]=AZVc624gyhIaJ7MmRXPLunmNgq2fiA4zULHWWMuQ6PT-aNhge5yVZnzVJRlbTza6ksRioUob_nbPcgvv6uLeJziqyG91Ax1rMh8_ateJPtVJl0pofPNO9ETcqyrnIGGi6ySjyCGTheWFBXAm9GLz8qL6FUn8dvk58Dp-lsfMHki-hg&__tn__=%2CO%2CP-R,1 tháng 6 vs lên 14 to rồi nha
https://www.facebook.com/toiladanthuductphcm/posts/pfbid02YFonsfkGggmYiv1f8C7rccSwB8p7n8T72UfX4vfbGAb4CBmAeQAPAE2LmfbMdk28l?__cft__[0]=AZVc624gyhIaJ7MmRXPLunmNgq2fiA4zULHWWMuQ6PT-aNhge5yVZnzVJRlbTza6ksRioUob_nbPcgvv6uLeJziqyG91Ax1rMh8_ateJPtVJl0pofPNO9ETcqyrnIGGi6ySjyCGTheWFBXAm9GLz8qL6FUn8dvk58Dp-lsfMHki-hg&__tn__=%2CO%2CP-R,Xin vía
https://www.facebook.com/toiladanthuductphcm/posts/pfbid02YFonsfkGggmYiv1f8C7rccSwB8p7n8T72UfX4vfbGAb4CBmAeQAPAE2LmfbMdk28l?__cft__[0]=AZVc624gyhIaJ7MmRXPLunmNgq2fiA4zULHWWMuQ6PT-aNhge5yVZnzVJRlbTza6ksRioUob_nbPcgvv6uLeJziqyG91Ax1rMh8_ateJPtVJl0pofPNO9ETcqyrnIGGi6ySjyCGTheWFBXAm9GLz8qL6FUn8dvk58Dp-lsfMHki-hg&__tn__=%2CO%2CP-R,Cho xin vía
https://www.facebook.com/toiladanthuductphcm/posts/pfbid02YFonsfkGggmYiv1f8C7rccSwB8p7n8T72UfX4vfbGAb4CBmAeQAPAE2LmfbMdk28l?__cft__[0]=AZVc624gyhIaJ7MmRXPLunmNgq2fiA4zULHWWMuQ6PT-aNhge5yVZnzVJRlbTza6ksRioUob_nbPcgvv6uLeJziqyG91Ax1rMh8_ateJPtVJl0pofPNO9ETcqyrnIGGi6ySjyCGTheWFBXAm9GLz8qL6FUn8dvk58Dp-lsfMHki-hg&__tn__=%2CO%2CP-R,Xin vía 😍 😍 😍
https://www.facebook.com/toiladanthuductphcm/posts/pfbid02YFonsfkGggmYiv1f8C7rccSwB8p7n8T72UfX4vfbGAb4CBmAeQAPAE2LmfbMdk28l?__cft__[0]=AZVc624gyhIaJ7MmRXPLunmNgq2fiA4zULHWWMuQ6PT-aNhge5yVZnzVJRlbTza6ksRioUob_nbPcgvv6uLeJziqyG91Ax1rMh8_ateJPtVJl0pofPNO9ETcqyrnIGGi6ySjyCGTheWFBXAm9GLz8qL6FUn8dvk58Dp-lsfMHki-hg&__tn__=%2CO%2CP-R,Xin vía
https://www.facebook.com/toiladanthuductphcm/posts/pfbid02YFonsfkGggmYiv1f8C7rccSwB8p7n8T72UfX4vfbGAb4CBmAeQAPAE2LmfbMdk28l?__cft__[0]=AZVc624gyhIaJ7MmRXPLunmNgq2fiA4zULHWWMuQ6PT-aNhge5yVZnzVJRlbTza6ksRioUob_nbPcgvv6uLeJziqyG91Ax1rMh8_ateJPtVJl0pofPNO9ETcqyrnIGGi6ySjyCGTheWFBXAm9GLz8qL6FUn8dvk58Dp-lsfMHki-hg&__tn__=%2CO%2CP-R,Xin vía 1 tờ 😅
https://www.facebook.com/toiladanthuductphcm/posts/pfbid02YFonsfkGggmYiv1f8C7rccSwB8p7n8T72UfX4vfbGAb4CBmAeQAPAE2LmfbMdk28l?__cft__[0]=AZVc624gyhIaJ7MmRXPLunmNgq2fiA4zULHWWMuQ6PT-aNhge5yVZnzVJRlbTza6ksRioUob_nbPcgvv6uLeJziqyG91Ax1rMh8_ateJPtVJl0pofPNO9ETcqyrnIGGi6ySjyCGTheWFBXAm9GLz8qL6FUn8dvk58Dp-lsfMHki-hg&__tn__=%2CO%2CP-R,Xin vía
https://www.facebook.com/toiladanthuductphcm/posts/pfbid02YFonsfkGggmYiv1f8C7rccSwB8p7n8T72UfX4vfbGAb4CBmAeQAPAE2LmfbMdk28l?__cft__[0]=AZVc624gyhIaJ7MmRXPLunmNgq2fiA4zULHWWMuQ6PT-aNhge5yVZnzVJRlbTza6ksRioUob_nbPcgvv6uLeJziqyG91Ax1rMh8_ateJPtVJl0pofPNO9ETcqyrnIGGi6ySjyCGTheWFBXAm9GLz8qL6FUn8dvk58Dp-lsfMHki-hg&__tn__=%2CO%2CP-R,Xin vía
https://www.facebook.com/toiladanthuductphcm/posts/pfbid02YFonsfkGggmYiv1f8C7rccSwB8p7n8T72UfX4vfbGAb4CBmAeQAPAE2LmfbMdk28l?__cft__[0]=AZVc624gyhIaJ7MmRXPLunmNgq2fiA4zULHWWMuQ6PT-aNhge5yVZnzVJRlbTza6ksRioUob_nbPcgvv6uLeJziqyG91Ax1rMh8_ateJPtVJl0pofPNO9ETcqyrnIGGi6ySjyCGTheWFBXAm9GLz8qL6FUn8dvk58Dp-lsfMHki-hg&__tn__=%2CO%2CP-R,Xin vía
https://www.facebook.com/toiladanthuductphcm/posts/pfbid02YFonsfkGggmYiv1f8C7rccSwB8p7n8T72UfX4vfbGAb4CBmAeQAPAE2LmfbMdk28l?__cft__[0]=AZVc624gyhIaJ7MmRXPLunmNgq2fiA4zULHWWMuQ6PT-aNhge5yVZnzVJRlbTza6ksRioUob_nbPcgvv6uLeJziqyG91Ax1rMh8_ateJPtVJl0pofPNO9ETcqyrnIGGi6ySjyCGTheWFBXAm9GLz8qL6FUn8dvk58Dp-lsfMHki-hg&__tn__=%2CO%2CP-R,Xin vía
https://www.facebook.com/toiladanthuductphcm/posts/pfbid02YFonsfkGggmYiv1f8C7rccSwB8p7n8T72UfX4vfbGAb4CBmAeQAPAE2LmfbMdk28l?__cft__[0]=AZVc624gyhIaJ7MmRXPLunmNgq2fiA4zULHWWMuQ6PT-aNhge5yVZnzVJRlbTza6ksRioUob_nbPcgvv6uLeJziqyG91Ax1rMh8_ateJPtVJl0pofPNO9ETcqyrnIGGi6ySjyCGTheWFBXAm9GLz8qL6FUn8dvk58Dp-lsfMHki-hg&__tn__=%2CO%2CP-R,Xin vía
https://www.facebook.com/toiladanthuductphcm/posts/pfbid02YFonsfkGggmYiv1f8C7rccSwB8p7n8T72UfX4vfbGAb4CBmAeQAPAE2LmfbMdk28l?__cft__[0]=AZVc624gyhIaJ7MmRXPLunmNgq2fiA4zULHWWMuQ6PT-aNhge5yVZnzVJRlbTza6ksRioUob_nbPcgvv6uLeJziqyG91Ax1rMh8_ateJPtVJl0pofPNO9ETcqyrnIGGi6ySjyCGTheWFBXAm9GLz8qL6FUn8dvk58Dp-lsfMHki-hg&__tn__=%2CO%2CP-R,Xin vía
https://www.facebook.com/toiladanthuductphcm/posts/pfbid02YFonsfkGggmYiv1f8C7rccSwB8p7n8T72UfX4vfbGAb4CBmAeQAPAE2LmfbMdk28l?__cft__[0]=AZVc624gyhIaJ7MmRXPLunmNgq2fiA4zULHWWMuQ6PT-aNhge5yVZnzVJRlbTza6ksRioUob_nbPcgvv6uLeJziqyG91Ax1rMh8_ateJPtVJl0pofPNO9ETcqyrnIGGi6ySjyCGTheWFBXAm9GLz8qL6FUn8dvk58Dp-lsfMHki-hg&__tn__=%2CO%2CP-R,Xin vía
https://www.facebook.com/toiladanthuductphcm/posts/pfbid02YFonsfkGggmYiv1f8C7rccSwB8p7n8T72UfX4vfbGAb4CBmAeQAPAE2LmfbMdk28l?__cft__[0]=AZVc624gyhIaJ7MmRXPLunmNgq2fiA4zULHWWMuQ6PT-aNhge5yVZnzVJRlbTza6ksRioUob_nbPcgvv6uLeJziqyG91Ax1rMh8_ateJPtVJl0pofPNO9ETcqyrnIGGi6ySjyCGTheWFBXAm9GLz8qL6FUn8dvk58Dp-lsfMHki-hg&__tn__=%2CO%2CP-R,Cái này thì tao có thể tin còn vietlot thì lừa dân
https://www.facebook.com/toiladanthuductphcm/posts/pfbid02YFonsfkGggmYiv1f8C7rccSwB8p7n8T72UfX4vfbGAb4CBmAeQAPAE2LmfbMdk28l?__cft__[0]=AZVc624gyhIaJ7MmRXPLunmNgq2fiA4zULHWWMuQ6PT-aNhge5yVZnzVJRlbTza6ksRioUob_nbPcgvv6uLeJziqyG91Ax1rMh8_ateJPtVJl0pofPNO9ETcqyrnIGGi6ySjyCGTheWFBXAm9GLz8qL6FUn8dvk58Dp-lsfMHki-hg&__tn__=%2CO%2CP-R,Xin vía
https://www.facebook.com/toiladanthuductphcm/posts/pfbid02YFonsfkGggmYiv1f8C7rccSwB8p7n8T72UfX4vfbGAb4CBmAeQAPAE2LmfbMdk28l?__cft__[0]=AZVc624gyhIaJ7MmRXPLunmNgq2fiA4zULHWWMuQ6PT-aNhge5yVZnzVJRlbTza6ksRioUob_nbPcgvv6uLeJziqyG91Ax1rMh8_ateJPtVJl0pofPNO9ETcqyrnIGGi6ySjyCGTheWFBXAm9GLz8qL6FUn8dvk58Dp-lsfMHki-hg&__tn__=%2CO%2CP-R,Hình như chỉ dưới bạc liêu mới trúng sao vậy trời
https://www.facebook.com/toiladanthuductphcm/posts/pfbid02YFonsfkGggmYiv1f8C7rccSwB8p7n8T72UfX4vfbGAb4CBmAeQAPAE2LmfbMdk28l?__cft__[0]=AZVc624gyhIaJ7MmRXPLunmNgq2fiA4zULHWWMuQ6PT-aNhge5yVZnzVJRlbTza6ksRioUob_nbPcgvv6uLeJziqyG91Ax1rMh8_ateJPtVJl0pofPNO9ETcqyrnIGGi6ySjyCGTheWFBXAm9GLz8qL6FUn8dvk58Dp-lsfMHki-hg&__tn__=%2CO%2CP-R,Xin vía 1 tờ độc đắc 🙂
https://www.facebook.com/toiladanthuductphcm/posts/pfbid02YFonsfkGggmYiv1f8C7rccSwB8p7n8T72UfX4vfbGAb4CBmAeQAPAE2LmfbMdk28l?__cft__[0]=AZVc624gyhIaJ7MmRXPLunmNgq2fiA4zULHWWMuQ6PT-aNhge5yVZnzVJRlbTza6ksRioUob_nbPcgvv6uLeJziqyG91Ax1rMh8_ateJPtVJl0pofPNO9ETcqyrnIGGi6ySjyCGTheWFBXAm9GLz8qL6FUn8dvk58Dp-lsfMHki-hg&__tn__=%2CO%2CP-R,Có barem hết rồi. Con ông cháu cha trúng k ah.
https://www.facebook.com/toiladanthuductphcm/posts/pfbid02YFonsfkGggmYiv1f8C7rccSwB8p7n8T72UfX4vfbGAb4CBmAeQAPAE2LmfbMdk28l?__cft__[0]=AZVc624gyhIaJ7MmRXPLunmNgq2fiA4zULHWWMuQ6PT-aNhge5yVZnzVJRlbTza6ksRioUob_nbPcgvv6uLeJziqyG91Ax1rMh8_ateJPtVJl0pofPNO9ETcqyrnIGGi6ySjyCGTheWFBXAm9GLz8qL6FUn8dvk58Dp-lsfMHki-hg&__tn__=%2CO%2CP-R,xin vía trung đặc biệt
https://www.facebook.com/toiladanthuductphcm/posts/pfbid02YFonsfkGggmYiv1f8C7rccSwB8p7n8T72UfX4vfbGAb4CBmAeQAPAE2LmfbMdk28l?__cft__[0]=AZVc624gyhIaJ7MmRXPLunmNgq2fiA4zULHWWMuQ6PT-aNhge5yVZnzVJRlbTza6ksRioUob_nbPcgvv6uLeJziqyG91Ax1rMh8_ateJPtVJl0pofPNO9ETcqyrnIGGi6ySjyCGTheWFBXAm9GLz8qL6FUn8dvk58Dp-lsfMHki-hg&__tn__=%2CO%2CP-R,Xin dc giog a
https://www.facebook.com/toiladanthuductphcm/posts/pfbid02YFonsfkGggmYiv1f8C7rccSwB8p7n8T72UfX4vfbGAb4CBmAeQAPAE2LmfbMdk28l?__cft__[0]=AZVc624gyhIaJ7MmRXPLunmNgq2fiA4zULHWWMuQ6PT-aNhge5yVZnzVJRlbTza6ksRioUob_nbPcgvv6uLeJziqyG91Ax1rMh8_ateJPtVJl0pofPNO9ETcqyrnIGGi6ySjyCGTheWFBXAm9GLz8qL6FUn8dvk58Dp-lsfMHki-hg&__tn__=%2CO%2CP-R,Cam Binh Nguyen Ngoc vẫn ko phải chúng ta
https://www.facebook.com/toiladanthuductphcm/posts/pfbid02YFonsfkGggmYiv1f8C7rccSwB8p7n8T72UfX4vfbGAb4CBmAeQAPAE2LmfbMdk28l?__cft__[0]=AZVc624gyhIaJ7MmRXPLunmNgq2fiA4zULHWWMuQ6PT-aNhge5yVZnzVJRlbTza6ksRioUob_nbPcgvv6uLeJziqyG91Ax1rMh8_ateJPtVJl0pofPNO9ETcqyrnIGGi6ySjyCGTheWFBXAm9GLz8qL6FUn8dvk58Dp-lsfMHki-hg&__tn__=%2CO%2CP-R,Xin vía trúng số
https://www.facebook.com/toiladanthuductphcm/posts/pfbid02YFonsfkGggmYiv1f8C7rccSwB8p7n8T72UfX4vfbGAb4CBmAeQAPAE2LmfbMdk28l?__cft__[0]=AZVc624gyhIaJ7MmRXPLunmNgq2fiA4zULHWWMuQ6PT-aNhge5yVZnzVJRlbTza6ksRioUob_nbPcgvv6uLeJziqyG91Ax1rMh8_ateJPtVJl0pofPNO9ETcqyrnIGGi6ySjyCGTheWFBXAm9GLz8qL6FUn8dvk58Dp-lsfMHki-hg&__tn__=%2CO%2CP-R,"vợ tui cũng mua 5 tờ số bình thuận ngày 5/6 này luôn, mà ko trúng khóc huhu nãy giờ 
 Thùy Dung 🤣 🤣 🤣"
https://www.facebook.com/toiladanthuductphcm/posts/pfbid02YFonsfkGggmYiv1f8C7rccSwB8p7n8T72UfX4vfbGAb4CBmAeQAPAE2LmfbMdk28l?__cft__[0]=AZVc624gyhIaJ7MmRXPLunmNgq2fiA4zULHWWMuQ6PT-aNhge5yVZnzVJRlbTza6ksRioUob_nbPcgvv6uLeJziqyG91Ax1rMh8_ateJPtVJl0pofPNO9ETcqyrnIGGi6ySjyCGTheWFBXAm9GLz8qL6FUn8dvk58Dp-lsfMHki-hg&__tn__=%2CO%2CP-R,Xin vía chúng 2 tỷ
https://www.facebook.com/toiladanthuductphcm/posts/pfbid02YFonsfkGggmYiv1f8C7rccSwB8p7n8T72UfX4vfbGAb4CBmAeQAPAE2LmfbMdk28l?__cft__[0]=AZVc624gyhIaJ7MmRXPLunmNgq2fiA4zULHWWMuQ6PT-aNhge5yVZnzVJRlbTza6ksRioUob_nbPcgvv6uLeJziqyG91Ax1rMh8_ateJPtVJl0pofPNO9ETcqyrnIGGi6ySjyCGTheWFBXAm9GLz8qL6FUn8dvk58Dp-lsfMHki-hg&__tn__=%2CO%2CP-R,Xin vía tài lộc
https://www.facebook.com/toiladanthuductphcm/posts/pfbid02YFonsfkGggmYiv1f8C7rccSwB8p7n8T72UfX4vfbGAb4CBmAeQAPAE2LmfbMdk28l?__cft__[0]=AZVc624gyhIaJ7MmRXPLunmNgq2fiA4zULHWWMuQ6PT-aNhge5yVZnzVJRlbTza6ksRioUob_nbPcgvv6uLeJziqyG91Ax1rMh8_ateJPtVJl0pofPNO9ETcqyrnIGGi6ySjyCGTheWFBXAm9GLz8qL6FUn8dvk58Dp-lsfMHki-hg&__tn__=%2CO%2CP-R,xin via
https://www.facebook.com/toiladanthuductphcm/posts/pfbid02YFonsfkGggmYiv1f8C7rccSwB8p7n8T72UfX4vfbGAb4CBmAeQAPAE2LmfbMdk28l?__cft__[0]=AZVc624gyhIaJ7MmRXPLunmNgq2fiA4zULHWWMuQ6PT-aNhge5yVZnzVJRlbTza6ksRioUob_nbPcgvv6uLeJziqyG91Ax1rMh8_ateJPtVJl0pofPNO9ETcqyrnIGGi6ySjyCGTheWFBXAm9GLz8qL6FUn8dvk58Dp-lsfMHki-hg&__tn__=%2CO%2CP-R,Xin vía may mắn và tai lộc
https://www.facebook.com/toiladanthuductphcm/posts/pfbid02YFonsfkGggmYiv1f8C7rccSwB8p7n8T72UfX4vfbGAb4CBmAeQAPAE2LmfbMdk28l?__cft__[0]=AZVc624gyhIaJ7MmRXPLunmNgq2fiA4zULHWWMuQ6PT-aNhge5yVZnzVJRlbTza6ksRioUob_nbPcgvv6uLeJziqyG91Ax1rMh8_ateJPtVJl0pofPNO9ETcqyrnIGGi6ySjyCGTheWFBXAm9GLz8qL6FUn8dvk58Dp-lsfMHki-hg&__tn__=%2CO%2CP-R,Xin vía 👍
https://www.facebook.com/toiladanthuductphcm/posts/pfbid02YFonsfkGggmYiv1f8C7rccSwB8p7n8T72UfX4vfbGAb4CBmAeQAPAE2LmfbMdk28l?__cft__[0]=AZVc624gyhIaJ7MmRXPLunmNgq2fiA4zULHWWMuQ6PT-aNhge5yVZnzVJRlbTza6ksRioUob_nbPcgvv6uLeJziqyG91Ax1rMh8_ateJPtVJl0pofPNO9ETcqyrnIGGi6ySjyCGTheWFBXAm9GLz8qL6FUn8dvk58Dp-lsfMHki-hg&__tn__=%2CO%2CP-R,Xin vía
https://www.facebook.com/toiladanthuductphcm/posts/pfbid02YFonsfkGggmYiv1f8C7rccSwB8p7n8T72UfX4vfbGAb4CBmAeQAPAE2LmfbMdk28l?__cft__[0]=AZVc624gyhIaJ7MmRXPLunmNgq2fiA4zULHWWMuQ6PT-aNhge5yVZnzVJRlbTza6ksRioUob_nbPcgvv6uLeJziqyG91Ax1rMh8_ateJPtVJl0pofPNO9ETcqyrnIGGi6ySjyCGTheWFBXAm9GLz8qL6FUn8dvk58Dp-lsfMHki-hg&__tn__=%2CO%2CP-R,Xin vía trúng đặt biệt ạ
https://www.facebook.com/toiladanthuductphcm/posts/pfbid02YFonsfkGggmYiv1f8C7rccSwB8p7n8T72UfX4vfbGAb4CBmAeQAPAE2LmfbMdk28l?__cft__[0]=AZVc624gyhIaJ7MmRXPLunmNgq2fiA4zULHWWMuQ6PT-aNhge5yVZnzVJRlbTza6ksRioUob_nbPcgvv6uLeJziqyG91Ax1rMh8_ateJPtVJl0pofPNO9ETcqyrnIGGi6ySjyCGTheWFBXAm9GLz8qL6FUn8dvk58Dp-lsfMHki-hg&__tn__=%2CO%2CP-R,Xin được mượn vía trúng độc đắc tôi xin cảm ơn
https://www.facebook.com/toiladanthuductphcm/posts/pfbid02YFonsfkGggmYiv1f8C7rccSwB8p7n8T72UfX4vfbGAb4CBmAeQAPAE2LmfbMdk28l?__cft__[0]=AZVc624gyhIaJ7MmRXPLunmNgq2fiA4zULHWWMuQ6PT-aNhge5yVZnzVJRlbTza6ksRioUob_nbPcgvv6uLeJziqyG91Ax1rMh8_ateJPtVJl0pofPNO9ETcqyrnIGGi6ySjyCGTheWFBXAm9GLz8qL6FUn8dvk58Dp-lsfMHki-hg&__tn__=%2CO%2CP-R,Xin vía may mắn tài lộc
https://www.facebook.com/toiladanthuductphcm/posts/pfbid02YFonsfkGggmYiv1f8C7rccSwB8p7n8T72UfX4vfbGAb4CBmAeQAPAE2LmfbMdk28l?__cft__[0]=AZVc624gyhIaJ7MmRXPLunmNgq2fiA4zULHWWMuQ6PT-aNhge5yVZnzVJRlbTza6ksRioUob_nbPcgvv6uLeJziqyG91Ax1rMh8_ateJPtVJl0pofPNO9ETcqyrnIGGi6ySjyCGTheWFBXAm9GLz8qL6FUn8dvk58Dp-lsfMHki-hg&__tn__=%2CO%2CP-R,Xin vía cực mạnh
https://www.facebook.com/toiladanthuductphcm/posts/pfbid02YFonsfkGggmYiv1f8C7rccSwB8p7n8T72UfX4vfbGAb4CBmAeQAPAE2LmfbMdk28l?__cft__[0]=AZVc624gyhIaJ7MmRXPLunmNgq2fiA4zULHWWMuQ6PT-aNhge5yVZnzVJRlbTza6ksRioUob_nbPcgvv6uLeJziqyG91Ax1rMh8_ateJPtVJl0pofPNO9ETcqyrnIGGi6ySjyCGTheWFBXAm9GLz8qL6FUn8dvk58Dp-lsfMHki-hg&__tn__=%2CO%2CP-R,Chán lắm
https://www.facebook.com/toiladanthuductphcm/posts/pfbid02YFonsfkGggmYiv1f8C7rccSwB8p7n8T72UfX4vfbGAb4CBmAeQAPAE2LmfbMdk28l?__cft__[0]=AZVc624gyhIaJ7MmRXPLunmNgq2fiA4zULHWWMuQ6PT-aNhge5yVZnzVJRlbTza6ksRioUob_nbPcgvv6uLeJziqyG91Ax1rMh8_ateJPtVJl0pofPNO9ETcqyrnIGGi6ySjyCGTheWFBXAm9GLz8qL6FUn8dvk58Dp-lsfMHki-hg&__tn__=%2CO%2CP-R,Có cái nịt
https://www.facebook.com/toiladanthuductphcm/posts/pfbid02YFonsfkGggmYiv1f8C7rccSwB8p7n8T72UfX4vfbGAb4CBmAeQAPAE2LmfbMdk28l?__cft__[0]=AZVc624gyhIaJ7MmRXPLunmNgq2fiA4zULHWWMuQ6PT-aNhge5yVZnzVJRlbTza6ksRioUob_nbPcgvv6uLeJziqyG91Ax1rMh8_ateJPtVJl0pofPNO9ETcqyrnIGGi6ySjyCGTheWFBXAm9GLz8qL6FUn8dvk58Dp-lsfMHki-hg&__tn__=%2CO%2CP-R,Xin vía
https://www.facebook.com/toiladanthuductphcm/posts/pfbid02YFonsfkGggmYiv1f8C7rccSwB8p7n8T72UfX4vfbGAb4CBmAeQAPAE2LmfbMdk28l?__cft__[0]=AZVc624gyhIaJ7MmRXPLunmNgq2fiA4zULHWWMuQ6PT-aNhge5yVZnzVJRlbTza6ksRioUob_nbPcgvv6uLeJziqyG91Ax1rMh8_ateJPtVJl0pofPNO9ETcqyrnIGGi6ySjyCGTheWFBXAm9GLz8qL6FUn8dvk58Dp-lsfMHki-hg&__tn__=%2CO%2CP-R,Xin vía trúng đặc biệt
https://www.facebook.com/toiladanthuductphcm/posts/pfbid02YFonsfkGggmYiv1f8C7rccSwB8p7n8T72UfX4vfbGAb4CBmAeQAPAE2LmfbMdk28l?__cft__[0]=AZVc624gyhIaJ7MmRXPLunmNgq2fiA4zULHWWMuQ6PT-aNhge5yVZnzVJRlbTza6ksRioUob_nbPcgvv6uLeJziqyG91Ax1rMh8_ateJPtVJl0pofPNO9ETcqyrnIGGi6ySjyCGTheWFBXAm9GLz8qL6FUn8dvk58Dp-lsfMHki-hg&__tn__=%2CO%2CP-R,Xin vía
https://www.facebook.com/toiladanthuductphcm/posts/pfbid02YFonsfkGggmYiv1f8C7rccSwB8p7n8T72UfX4vfbGAb4CBmAeQAPAE2LmfbMdk28l?__cft__[0]=AZVc624gyhIaJ7MmRXPLunmNgq2fiA4zULHWWMuQ6PT-aNhge5yVZnzVJRlbTza6ksRioUob_nbPcgvv6uLeJziqyG91Ax1rMh8_ateJPtVJl0pofPNO9ETcqyrnIGGi6ySjyCGTheWFBXAm9GLz8qL6FUn8dvk58Dp-lsfMHki-hg&__tn__=%2CO%2CP-R,Thành tâm xin vía 4tỷ 😊
https://www.facebook.com/toiladanthuductphcm/posts/pfbid02YFonsfkGggmYiv1f8C7rccSwB8p7n8T72UfX4vfbGAb4CBmAeQAPAE2LmfbMdk28l?__cft__[0]=AZVc624gyhIaJ7MmRXPLunmNgq2fiA4zULHWWMuQ6PT-aNhge5yVZnzVJRlbTza6ksRioUob_nbPcgvv6uLeJziqyG91Ax1rMh8_ateJPtVJl0pofPNO9ETcqyrnIGGi6ySjyCGTheWFBXAm9GLz8qL6FUn8dvk58Dp-lsfMHki-hg&__tn__=%2CO%2CP-R,Xin vía may mắn tài lộc trúng đặc biệt chiều nay
https://www.facebook.com/toiladanthuductphcm/posts/pfbid02YFonsfkGggmYiv1f8C7rccSwB8p7n8T72UfX4vfbGAb4CBmAeQAPAE2LmfbMdk28l?__cft__[0]=AZVc624gyhIaJ7MmRXPLunmNgq2fiA4zULHWWMuQ6PT-aNhge5yVZnzVJRlbTza6ksRioUob_nbPcgvv6uLeJziqyG91Ax1rMh8_ateJPtVJl0pofPNO9ETcqyrnIGGi6ySjyCGTheWFBXAm9GLz8qL6FUn8dvk58Dp-lsfMHki-hg&__tn__=%2CO%2CP-R,Cho e xin vía anh oi
https://www.facebook.com/toiladanthuductphcm/posts/pfbid02YFonsfkGggmYiv1f8C7rccSwB8p7n8T72UfX4vfbGAb4CBmAeQAPAE2LmfbMdk28l?__cft__[0]=AZVc624gyhIaJ7MmRXPLunmNgq2fiA4zULHWWMuQ6PT-aNhge5yVZnzVJRlbTza6ksRioUob_nbPcgvv6uLeJziqyG91Ax1rMh8_ateJPtVJl0pofPNO9ETcqyrnIGGi6ySjyCGTheWFBXAm9GLz8qL6FUn8dvk58Dp-lsfMHki-hg&__tn__=%2CO%2CP-R,Dô xin via ne chứ mua quài mà hok thay trúng Bums Rose
https://www.facebook.com/toiladanthuductphcm/posts/pfbid02YFonsfkGggmYiv1f8C7rccSwB8p7n8T72UfX4vfbGAb4CBmAeQAPAE2LmfbMdk28l?__cft__[0]=AZVc624gyhIaJ7MmRXPLunmNgq2fiA4zULHWWMuQ6PT-aNhge5yVZnzVJRlbTza6ksRioUob_nbPcgvv6uLeJziqyG91Ax1rMh8_ateJPtVJl0pofPNO9ETcqyrnIGGi6ySjyCGTheWFBXAm9GLz8qL6FUn8dvk58Dp-lsfMHki-hg&__tn__=%2CO%2CP-R,"Ủa hôm qua thấy con khác mà, đài Bình Thuận tháng nay trúng nhiều vậy 
 bớt xạo l đi nha 🤣"
https://www.facebook.com/toiladanthuductphcm/posts/pfbid02YFonsfkGggmYiv1f8C7rccSwB8p7n8T72UfX4vfbGAb4CBmAeQAPAE2LmfbMdk28l?__cft__[0]=AZVc624gyhIaJ7MmRXPLunmNgq2fiA4zULHWWMuQ6PT-aNhge5yVZnzVJRlbTza6ksRioUob_nbPcgvv6uLeJziqyG91Ax1rMh8_ateJPtVJl0pofPNO9ETcqyrnIGGi6ySjyCGTheWFBXAm9GLz8qL6FUn8dvk58Dp-lsfMHki-hg&__tn__=%2CO%2CP-R,Thành tâm xin vía
https://www.facebook.com/toiladanthuductphcm/posts/pfbid02YFonsfkGggmYiv1f8C7rccSwB8p7n8T72UfX4vfbGAb4CBmAeQAPAE2LmfbMdk28l?__cft__[0]=AZVc624gyhIaJ7MmRXPLunmNgq2fiA4zULHWWMuQ6PT-aNhge5yVZnzVJRlbTza6ksRioUob_nbPcgvv6uLeJziqyG91Ax1rMh8_ateJPtVJl0pofPNO9ETcqyrnIGGi6ySjyCGTheWFBXAm9GLz8qL6FUn8dvk58Dp-lsfMHki-hg&__tn__=%2CO%2CP-R,Xin vía
https://www.facebook.com/toiladanthuductphcm/posts/pfbid02YFonsfkGggmYiv1f8C7rccSwB8p7n8T72UfX4vfbGAb4CBmAeQAPAE2LmfbMdk28l?__cft__[0]=AZVc624gyhIaJ7MmRXPLunmNgq2fiA4zULHWWMuQ6PT-aNhge5yVZnzVJRlbTza6ksRioUob_nbPcgvv6uLeJziqyG91Ax1rMh8_ateJPtVJl0pofPNO9ETcqyrnIGGi6ySjyCGTheWFBXAm9GLz8qL6FUn8dvk58Dp-lsfMHki-hg&__tn__=%2CO%2CP-R,Xin vía
https://www.facebook.com/toiladanthuductphcm/posts/pfbid02YFonsfkGggmYiv1f8C7rccSwB8p7n8T72UfX4vfbGAb4CBmAeQAPAE2LmfbMdk28l?__cft__[0]=AZVc624gyhIaJ7MmRXPLunmNgq2fiA4zULHWWMuQ6PT-aNhge5yVZnzVJRlbTza6ksRioUob_nbPcgvv6uLeJziqyG91Ax1rMh8_ateJPtVJl0pofPNO9ETcqyrnIGGi6ySjyCGTheWFBXAm9GLz8qL6FUn8dvk58Dp-lsfMHki-hg&__tn__=%2CO%2CP-R,Xin vía xinvía trúng giải đặc biệt
https://www.facebook.com/toiladanthuductphcm/posts/pfbid02YFonsfkGggmYiv1f8C7rccSwB8p7n8T72UfX4vfbGAb4CBmAeQAPAE2LmfbMdk28l?__cft__[0]=AZVc624gyhIaJ7MmRXPLunmNgq2fiA4zULHWWMuQ6PT-aNhge5yVZnzVJRlbTza6ksRioUob_nbPcgvv6uLeJziqyG91Ax1rMh8_ateJPtVJl0pofPNO9ETcqyrnIGGi6ySjyCGTheWFBXAm9GLz8qL6FUn8dvk58Dp-lsfMHki-hg&__tn__=%2CO%2CP-R,Co thì nói ko thi thôi
